symbol,tf,open_time_ms,close_time_ms,open,high,low,close,volume,tick_count
XAUUSD,1m,1769382060000,1769382119999,4982.37,5020.85,4982.37,5019.98,1366.0,0
XAUUSD,1m,1769382120000,1769382179999,5019.98,5026.71,5019.35,5025.47,2309.0,0
XAUUSD,1m,1769382180000,1769382239999,5025.47,5027.46,5021.01,5024.07,1805.0,0
XAUUSD,1m,1769382240000,1769382299999,5024.07,5026.7,5011.21,5013.7,1770.0,0
XAUUSD,1m,1769382300000,1769382359999,5013.7,5014.78,5005.1,5007.01,2761.0,0
XAUUSD,1m,1769382360000,1769382419999,5007.01,5016.75,5003.94,5015.26,2248.0,0
XAUUSD,1m,1769382420000,1769382479999,5015.26,5016.58,5012.46,5014.78,1716.0,0
XAUUSD,1m,1769382480000,1769382539999,5014.78,5020.59,5010.34,5020.03,1245.0,0
XAUUSD,1m,1769382540000,1769382599999,5020.03,5025.58,5016.77,5022.95,2215.0,0
XAUUSD,1m,1769382600000,1769382659999,5022.95,5025.52,5019.27,5020.89,1647.0,0
XAUUSD,1m,1769382660000,1769382719999,5020.89,5022.49,5013.43,5016.61,1511.0,0
XAUUSD,1m,1769382720000,1769382779999,5016.61,5021.25,5013.99,5019.28,1403.0,0
XAUUSD,1m,1769382780000,1769382839999,5019.28,5021.88,5017.15,5021.18,1644.0,0
XAUUSD,1m,1769382840000,1769382899999,5021.18,5023.42,5020.18,5021.1,957.0,0
XAUUSD,1m,1769382900000,1769382959999,5021.1,5023.03,5019.07,5020.12,963.0,0
XAUUSD,1m,1769382960000,1769383019999,5020.12,5026.74,5019.94,5025.61,1422.0,0
XAUUSD,1m,1769383020000,1769383079999,5025.61,5029.37,5025.38,5028.03,996.0,0
XAUUSD,1m,1769383080000,1769383139999,5028.03,5028.04,5020.77,5022.5,1346.0,0
XAUUSD,1m,1769383140000,1769383199999,5022.5,5028.71,5022.38,5028.16,974.0,0
XAUUSD,1m,1769383200000,1769383259999,5028.16,5029.16,5025.77,5028.28,1013.0,0
XAUUSD,1m,1769383260000,1769383319999,5028.28,5030.91,5027.11,5028.58,1009.0,0
XAUUSD,1m,1769383320000,1769383379999,5028.58,5030.47,5023.62,5024.58,1200.0,0
XAUUSD,1m,1769383380000,1769383439999,5024.58,5029.01,5023.9,5028.09,1197.0,0
XAUUSD,1m,1769383440000,1769383499999,5028.09,5028.86,5023.49,5024.55,813.0,0
XAUUSD,1m,1769383500000,1769383559999,5024.55,5025.32,5022.5,5023.99,858.0,0
XAUUSD,1m,1769383560000,1769383619999,5023.99,5024.25,5018.11,5018.8,1392.0,0
XAUUSD,1m,1769383620000,1769383679999,5018.8,5020.39,5014.62,5020.02,1578.0,0
XAUUSD,1m,1769383680000,1769383739999,5020.02,5021.25,5013.01,5013.11,1437.0,0
XAUUSD,1m,1769383740000,1769383799999,5013.11,5018.3,5011.19,5018.3,2593.0,0
XAUUSD,1m,1769383800000,1769383859999,5018.3,5020.85,5016.21,5019.46,1500.0,0
XAUUSD,1m,1769383860000,1769383919999,5019.46,5024.16,5016.2,5023.56,1140.0,0
XAUUSD,1m,1769383920000,1769383979999,5023.56,5026.7,5022.82,5025.01,1105.0,0
XAUUSD,1m,1769383980000,1769384039999,5025.01,5026.45,5021.18,5022.86,958.0,0
XAUUSD,1m,1769384040000,1769384099999,5022.86,5024.57,5020.62,5022.21,976.0,0
XAUUSD,1m,1769384100000,1769384159999,5022.21,5022.92,5020.48,5021.07,685.0,0
XAUUSD,1m,1769384160000,1769384219999,5021.07,5022.73,5017.54,5021.33,881.0,0
XAUUSD,1m,1769384220000,1769384279999,5021.33,5023.94,5021.33,5022.72,531.0,0
XAUUSD,1m,1769384280000,1769384339999,5022.72,5029.17,5022.23,5027.71,1046.0,0
XAUUSD,1m,1769384340000,1769384399999,5027.71,5031.47,5027.71,5029.77,1255.0,0
XAUUSD,1m,1769384400000,1769384459999,5029.77,5029.92,5026.0,5026.6,802.0,0
XAUUSD,1m,1769384460000,1769384519999,5026.6,5027.06,5024.69,5025.55,627.0,0
XAUUSD,1m,1769384520000,1769384579999,5025.55,5028.0,5025.21,5027.39,436.0,0
XAUUSD,1m,1769384580000,1769384639999,5027.39,5029.5,5026.73,5027.43,692.0,0
XAUUSD,1m,1769384640000,1769384699999,5027.43,5029.99,5025.18,5025.82,2580.0,0
XAUUSD,1m,1769384700000,1769384759999,5025.82,5030.59,5025.17,5029.8,914.0,0
XAUUSD,1m,1769384760000,1769384819999,5029.8,5034.47,5028.46,5034.13,879.0,0
XAUUSD,1m,1769384820000,1769384879999,5034.13,5036.28,5031.69,5031.99,1055.0,0
XAUUSD,1m,1769384880000,1769384939999,5031.99,5032.97,5028.27,5032.44,1240.0,0
XAUUSD,1m,1769384940000,1769384999999,5032.44,5034.4,5032.22,5033.52,672.0,0
XAUUSD,1m,1769385000000,1769385059999,5033.52,5033.91,5031.6,5033.45,522.0,0
XAUUSD,1m,1769385060000,1769385119999,5033.45,5033.77,5031.98,5032.5,487.0,0
XAUUSD,1m,1769385120000,1769385179999,5032.5,5036.79,5032.46,5036.7,633.0,0
XAUUSD,1m,1769385180000,1769385239999,5036.7,5037.27,5035.44,5036.88,740.0,0
XAUUSD,1m,1769385240000,1769385299999,5036.88,5039.79,5036.45,5039.45,702.0,0
XAUUSD,1m,1769385300000,1769385359999,5039.45,5039.45,5037.38,5037.43,529.0,0
XAUUSD,1m,1769385360000,1769385419999,5037.43,5037.75,5036.36,5036.83,504.0,0
XAUUSD,1m,1769385420000,1769385479999,5036.83,5037.26,5035.57,5037.14,397.0,0
XAUUSD,1m,1769385480000,1769385539999,5037.14,5038.31,5036.81,5038.04,348.0,0
XAUUSD,1m,1769385540000,1769385599999,5038.04,5040.06,5037.74,5039.99,347.0,0
XAUUSD,1m,1769385600000,1769385659999,5039.99,5041.33,5035.2,5036.69,1179.0,0
XAUUSD,1m,1769385660000,1769385719999,5036.69,5036.91,5034.04,5036.15,1190.0,0
XAUUSD,1m,1769385720000,1769385779999,5036.15,5038.89,5034.39,5035.91,1689.0,0
XAUUSD,1m,1769385780000,1769385839999,5035.91,5037.64,5035.15,5037.23,1524.0,0
XAUUSD,1m,1769385840000,1769385899999,5037.23,5041.08,5036.43,5040.5,882.0,0
XAUUSD,1m,1769385900000,1769385959999,5040.5,5041.39,5037.91,5037.96,674.0,0
XAUUSD,1m,1769385960000,1769386019999,5037.96,5039.49,5037.58,5038.71,444.0,0
XAUUSD,1m,1769386020000,1769386079999,5038.71,5039.97,5037.69,5038.37,649.0,0
XAUUSD,1m,1769386080000,1769386139999,5038.37,5043.84,5037.49,5043.82,1185.0,0
XAUUSD,1m,1769386140000,1769386199999,5043.82,5044.09,5041.02,5042.21,989.0,0
XAUUSD,1m,1769386200000,1769386259999,5042.21,5042.58,5038.25,5039.55,682.0,0
XAUUSD,1m,1769386260000,1769386319999,5039.55,5040.24,5034.56,5035.34,688.0,0
XAUUSD,1m,1769386320000,1769386379999,5035.34,5036.2,5034.28,5035.83,586.0,0
XAUUSD,1m,1769386380000,1769386439999,5035.83,5038.86,5035.38,5037.72,587.0,0
XAUUSD,1m,1769386440000,1769386499999,5037.72,5040.35,5037.23,5038.85,452.0,0
XAUUSD,1m,1769386500000,1769386559999,5038.85,5039.85,5037.51,5039.56,551.0,0
XAUUSD,1m,1769386560000,1769386619999,5039.56,5039.71,5037.4,5038.99,495.0,0
XAUUSD,1m,1769386620000,1769386679999,5038.99,5039.28,5035.73,5036.27,467.0,0
XAUUSD,1m,1769386680000,1769386739999,5036.27,5036.82,5035.1,5036.47,1128.0,0
XAUUSD,1m,1769386740000,1769386799999,5036.47,5036.74,5032.97,5033.74,794.0,0
XAUUSD,1m,1769386800000,1769386859999,5033.74,5034.48,5032.39,5033.24,637.0,0
XAUUSD,1m,1769386860000,1769386919999,5033.24,5034.18,5030.61,5032.45,680.0,0
XAUUSD,1m,1769386920000,1769386979999,5032.45,5035.04,5032.18,5034.16,683.0,0
XAUUSD,1m,1769386980000,1769387039999,5034.16,5035.07,5033.4,5033.63,359.0,0
XAUUSD,1m,1769387040000,1769387099999,5033.63,5035.33,5033.63,5034.84,432.0,0
XAUUSD,1m,1769387100000,1769387159999,5034.84,5038.79,5034.22,5038.74,552.0,0
XAUUSD,1m,1769387160000,1769387219999,5038.74,5041.47,5038.52,5039.78,710.0,0
XAUUSD,1m,1769387220000,1769387279999,5039.78,5040.26,5037.56,5039.25,689.0,0
XAUUSD,1m,1769387280000,1769387339999,5039.25,5042.12,5038.13,5041.43,622.0,0
XAUUSD,1m,1769387340000,1769387399999,5041.43,5042.71,5040.89,5042.71,515.0,0
XAUUSD,1m,1769387400000,1769387459999,5042.71,5044.59,5042.11,5044.34,484.0,0
XAUUSD,1m,1769387460000,1769387519999,5044.34,5044.53,5042.48,5044.36,492.0,0
XAUUSD,1m,1769387520000,1769387579999,5044.36,5045.49,5043.82,5045.46,523.0,0
XAUUSD,1m,1769387580000,1769387639999,5045.46,5048.31,5044.45,5048.2,1071.0,0
XAUUSD,1m,1769387640000,1769387699999,5048.2,5048.87,5045.14,5046.11,862.0,0
XAUUSD,1m,1769387700000,1769387759999,5046.11,5047.87,5045.75,5046.29,664.0,0
XAUUSD,1m,1769387760000,1769387819999,5046.29,5047.82,5046.09,5047.45,684.0,0
XAUUSD,1m,1769387820000,1769387879999,5047.45,5048.03,5046.72,5047.57,571.0,0
XAUUSD,1m,1769387880000,1769387939999,5047.57,5049.74,5047.55,5049.73,750.0,0
XAUUSD,1m,1769387940000,1769387999999,5049.73,5049.83,5048.73,5049.67,644.0,0
XAUUSD,1m,1769388000000,1769388059999,5049.67,5051.33,5049.23,5050.61,481.0,0
XAUUSD,1m,1769388060000,1769388119999,5050.61,5052.17,5050.48,5051.95,823.0,0
XAUUSD,1m,1769388120000,1769388179999,5051.95,5052.1,5050.82,5050.91,859.0,0
XAUUSD,1m,1769388180000,1769388239999,5050.91,5051.54,5049.77,5050.07,642.0,0
XAUUSD,1m,1769388240000,1769388299999,5050.07,5050.78,5049.25,5050.31,694.0,0
XAUUSD,1m,1769388300000,1769388359999,5050.31,5051.91,5050.31,5051.08,696.0,0
XAUUSD,1m,1769388360000,1769388419999,5051.08,5051.56,5050.4,5050.57,681.0,0
XAUUSD,1m,1769388420000,1769388479999,5050.57,5051.85,5049.45,5051.16,906.0,0
XAUUSD,1m,1769388480000,1769388539999,5051.16,5051.2,5046.95,5048.88,1245.0,0
XAUUSD,1m,1769388540000,1769388599999,5048.88,5050.11,5048.04,5049.56,699.0,0
XAUUSD,1m,1769388600000,1769388659999,5049.56,5050.15,5048.52,5049.81,984.0,0
XAUUSD,1m,1769388660000,1769388719999,5049.81,5050.34,5048.41,5048.47,834.0,0
XAUUSD,1m,1769388720000,1769388779999,5048.47,5048.85,5045.99,5046.03,678.0,0
XAUUSD,1m,1769388780000,1769388839999,5046.03,5048.89,5046.03,5047.52,914.0,0
XAUUSD,1m,1769388840000,1769388899999,5047.52,5047.55,5044.1,5044.18,979.0,0
XAUUSD,1m,1769388900000,1769388959999,5044.18,5046.23,5044.1,5045.74,736.0,0
XAUUSD,1m,1769388960000,1769389019999,5045.74,5046.06,5045.0,5045.05,575.0,0
XAUUSD,1m,1769389020000,1769389079999,5045.05,5045.39,5042.99,5043.05,1174.0,0
XAUUSD,1m,1769389080000,1769389139999,5043.05,5043.2,5037.96,5038.08,1702.0,0
XAUUSD,1m,1769389140000,1769389199999,5038.08,5041.79,5038.08,5041.58,1537.0,0
XAUUSD,1m,1769389200000,1769389259999,5041.58,5044.23,5039.1,5043.29,3541.0,0
XAUUSD,1m,1769389260000,1769389319999,5043.29,5043.3,5028.77,5030.05,3090.0,0
XAUUSD,1m,1769389320000,1769389379999,5030.05,5035.67,5030.05,5032.15,2748.0,0
XAUUSD,1m,1769389380000,1769389439999,5032.15,5040.73,5030.23,5038.83,2169.0,0
XAUUSD,1m,1769389440000,1769389499999,5038.83,5043.94,5038.45,5042.68,1447.0,0
XAUUSD,1m,1769389500000,1769389559999,5042.68,5046.76,5041.97,5046.5,1483.0,0
XAUUSD,1m,1769389560000,1769389619999,5046.5,5047.9,5044.64,5045.32,1768.0,0
XAUUSD,1m,1769389620000,1769389679999,5045.32,5046.99,5043.73,5045.44,1962.0,0
XAUUSD,1m,1769389680000,1769389739999,5045.44,5046.4,5043.0,5043.7,1432.0,0
XAUUSD,1m,1769389740000,1769389799999,5043.7,5049.38,5043.01,5047.11,1595.0,0
XAUUSD,1m,1769389800000,1769389859999,5047.11,5050.44,5046.84,5048.65,1787.0,0
XAUUSD,1m,1769389860000,1769389919999,5048.65,5052.72,5047.15,5052.57,1564.0,0
XAUUSD,1m,1769389920000,1769389979999,5052.57,5056.98,5051.94,5056.76,1682.0,0
XAUUSD,1m,1769389980000,1769390039999,5056.76,5058.31,5055.97,5058.09,2056.0,0
XAUUSD,1m,1769390040000,1769390099999,5058.09,5059.07,5056.1,5057.35,1869.0,0
XAUUSD,1m,1769390100000,1769390159999,5057.35,5059.41,5057.1,5058.24,1654.0,0
XAUUSD,1m,1769390160000,1769390219999,5058.24,5061.48,5056.57,5058.78,1992.0,0
XAUUSD,1m,1769390220000,1769390279999,5058.78,5062.07,5056.72,5061.73,2142.0,0
XAUUSD,1m,1769390280000,1769390339999,5061.73,5066.16,5061.55,5064.62,2136.0,0
XAUUSD,1m,1769390340000,1769390399999,5064.62,5065.03,5061.31,5062.53,1477.0,0
XAUUSD,1m,1769390400000,1769390459999,5062.53,5065.53,5062.53,5062.87,1231.0,0
XAUUSD,1m,1769390460000,1769390519999,5062.87,5065.76,5061.28,5063.83,1495.0,0
XAUUSD,1m,1769390520000,1769390579999,5063.83,5067.85,5063.01,5067.25,1358.0,0
XAUUSD,1m,1769390580000,1769390639999,5067.25,5068.81,5066.72,5068.54,1436.0,0
XAUUSD,1m,1769390640000,1769390699999,5068.54,5069.21,5068.13,5069.05,925.0,0
XAUUSD,1m,1769390700000,1769390759999,5069.05,5073.35,5066.58,5066.92,2048.0,0
XAUUSD,1m,1769390760000,1769390819999,5066.92,5071.03,5066.27,5070.68,2111.0,0
XAUUSD,1m,1769390820000,1769390879999,5070.68,5071.31,5069.65,5070.92,1381.0,0
XAUUSD,1m,1769390880000,1769390939999,5070.92,5075.4,5070.21,5075.24,1220.0,0
XAUUSD,1m,1769390940000,1769390999999,5075.24,5075.36,5073.1,5074.23,1325.0,0
XAUUSD,1m,1769391000000,1769391059999,5074.23,5074.83,5072.1,5073.07,2027.0,0
XAUUSD,1m,1769391060000,1769391119999,5073.07,5075.99,5071.86,5075.15,2112.0,0
XAUUSD,1m,1769391120000,1769391179999,5075.15,5080.61,5075.14,5079.03,1181.0,0
XAUUSD,1m,1769391180000,1769391239999,5079.03,5079.5,5077.56,5077.89,1061.0,0
XAUUSD,1m,1769391240000,1769391299999,5077.89,5084.3,5077.08,5083.85,1355.0,0
XAUUSD,1m,1769391300000,1769391359999,5083.85,5085.41,5082.4,5085.05,1605.0,0
XAUUSD,1m,1769391360000,1769391419999,5085.05,5085.48,5080.1,5081.68,2299.0,0
XAUUSD,1m,1769391420000,1769391479999,5081.68,5082.35,5079.41,5080.15,1730.0,0
XAUUSD,1m,1769391480000,1769391539999,5080.15,5081.23,5073.29,5074.78,3116.0,0
XAUUSD,1m,1769391540000,1769391599999,5074.78,5076.63,5071.62,5076.26,2551.0,0
XAUUSD,1m,1769391600000,1769391659999,5076.26,5077.59,5072.5,5075.85,1985.0,0
XAUUSD,1m,1769391660000,1769391719999,5075.85,5082.23,5075.43,5080.11,1958.0,0
XAUUSD,1m,1769391720000,1769391779999,5080.11,5081.55,5078.24,5080.04,1281.0,0
XAUUSD,1m,1769391780000,1769391839999,5080.04,5083.8,5079.52,5083.0,2010.0,0
XAUUSD,1m,1769391840000,1769391899999,5083.0,5083.4,5081.21,5083.24,1200.0,0
XAUUSD,1m,1769391900000,1769391959999,5083.24,5084.86,5079.24,5079.96,1937.0,0
XAUUSD,1m,1769391960000,1769392019999,5079.96,5082.55,5075.01,5075.47,2642.0,0
XAUUSD,1m,1769392020000,1769392079999,5075.47,5077.88,5073.14,5076.06,2250.0,0
XAUUSD,1m,1769392080000,1769392139999,5076.06,5077.16,5073.56,5075.86,1776.0,0
XAUUSD,1m,1769392140000,1769392199999,5075.86,5079.36,5074.85,5075.01,1082.0,0
XAUUSD,1m,1769392200000,1769392259999,5075.01,5076.7,5072.47,5074.49,2101.0,0
XAUUSD,1m,1769392260000,1769392319999,5074.49,5075.03,5067.62,5069.92,2040.0,0
XAUUSD,1m,1769392320000,1769392379999,5069.92,5075.95,5069.87,5075.0,1340.0,0
XAUUSD,1m,1769392380000,1769392439999,5075.0,5082.17,5074.73,5082.1,1397.0,0
XAUUSD,1m,1769392440000,1769392499999,5082.1,5082.17,5075.9,5077.96,1850.0,0
XAUUSD,1m,1769392500000,1769392559999,5077.96,5081.73,5077.81,5081.49,1256.0,0
XAUUSD,1m,1769392560000,1769392619999,5081.49,5082.55,5077.03,5077.34,1315.0,0
XAUUSD,1m,1769392620000,1769392679999,5077.34,5077.93,5074.43,5074.48,1009.0,0
XAUUSD,1m,1769392680000,1769392739999,5074.48,5076.34,5073.12,5073.71,1251.0,0
XAUUSD,1m,1769392740000,1769392799999,5073.71,5074.19,5069.81,5070.89,1242.0,0
XAUUSD,1m,1769392800000,1769392859999,5070.89,5078.99,5069.9,5076.9,1907.0,0
XAUUSD,1m,1769392860000,1769392919999,5076.9,5078.42,5073.6,5075.0,1183.0,0
XAUUSD,1m,1769392920000,1769392979999,5075.0,5075.7,5071.53,5073.56,1689.0,0
XAUUSD,1m,1769392980000,1769393039999,5073.56,5073.58,5068.35,5068.97,2057.0,0
XAUUSD,1m,1769393040000,1769393099999,5068.97,5077.01,5068.13,5076.85,2145.0,0
XAUUSD,1m,1769393100000,1769393159999,5076.85,5077.0,5073.74,5077.0,1214.0,0
XAUUSD,1m,1769393160000,1769393219999,5077.0,5077.02,5072.72,5073.12,1101.0,0
XAUUSD,1m,1769393220000,1769393279999,5073.12,5074.06,5071.47,5072.22,1159.0,0
XAUUSD,1m,1769393280000,1769393339999,5072.22,5074.19,5069.14,5069.45,1320.0,0
XAUUSD,1m,1769393340000,1769393399999,5069.45,5070.97,5068.02,5068.66,1413.0,0
XAUUSD,1m,1769393400000,1769393459999,5068.66,5073.46,5066.64,5073.45,1703.0,0
XAUUSD,1m,1769393460000,1769393519999,5073.45,5077.55,5073.44,5075.44,1050.0,0
XAUUSD,1m,1769393520000,1769393579999,5075.44,5078.93,5074.54,5076.13,1649.0,0
XAUUSD,1m,1769393580000,1769393639999,5076.13,5078.16,5075.16,5075.87,1925.0,0
XAUUSD,1m,1769393640000,1769393699999,5075.87,5076.21,5073.16,5074.78,1625.0,0
XAUUSD,1m,1769393700000,1769393759999,5074.78,5077.74,5073.95,5074.42,1431.0,0
XAUUSD,1m,1769393760000,1769393819999,5074.42,5074.63,5072.36,5074.31,1176.0,0
XAUUSD,1m,1769393820000,1769393879999,5074.31,5075.73,5072.6,5075.57,899.0,0
XAUUSD,1m,1769393880000,1769393939999,5075.57,5076.87,5073.26,5076.33,1260.0,0
XAUUSD,1m,1769393940000,1769393999999,5076.33,5078.27,5075.76,5077.17,895.0,0
XAUUSD,1m,1769394000000,1769394059999,5077.17,5078.32,5074.73,5076.96,1279.0,0
XAUUSD,1m,1769394060000,1769394119999,5076.96,5083.56,5076.21,5083.44,1043.0,0
XAUUSD,1m,1769394120000,1769394179999,5083.44,5088.47,5082.53,5087.6,1465.0,0
XAUUSD,1m,1769394180000,1769394239999,5087.6,5087.84,5085.22,5086.27,1219.0,0
XAUUSD,1m,1769394240000,1769394299999,5086.27,5087.55,5084.36,5087.5,977.0,0
XAUUSD,1m,1769394300000,1769394359999,5087.5,5088.87,5086.39,5087.33,794.0,0
XAUUSD,1m,1769394360000,1769394419999,5087.33,5088.98,5086.3,5086.33,626.0,0
XAUUSD,1m,1769394420000,1769394479999,5086.33,5087.46,5085.82,5087.46,574.0,0
XAUUSD,1m,1769394480000,1769394539999,5087.46,5087.78,5084.71,5086.29,1217.0,0
XAUUSD,1m,1769394540000,1769394599999,5086.29,5088.3,5085.32,5087.82,704.0,0
XAUUSD,1m,1769394600000,1769394659999,5087.82,5091.19,5085.47,5090.91,1653.0,0
XAUUSD,1m,1769394660000,1769394719999,5090.91,5093.19,5090.46,5092.2,1161.0,0
XAUUSD,1m,1769394720000,1769394779999,5092.2,5092.54,5086.14,5086.87,1467.0,0
XAUUSD,1m,1769394780000,1769394839999,5086.87,5087.17,5080.77,5081.29,2094.0,0
XAUUSD,1m,1769394840000,1769394899999,5081.29,5085.36,5081.26,5083.62,1331.0,0
XAUUSD,1m,1769394900000,1769394959999,5083.62,5083.82,5079.88,5081.84,1844.0,0
XAUUSD,1m,1769394960000,1769395019999,5081.84,5084.71,5081.08,5084.27,1153.0,0
XAUUSD,1m,1769395020000,1769395079999,5084.27,5084.56,5080.76,5082.47,960.0,0
XAUUSD,1m,1769395080000,1769395139999,5082.47,5082.47,5078.92,5081.6,1047.0,0
XAUUSD,1m,1769395140000,1769395199999,5081.6,5086.05,5080.78,5085.09,1044.0,0
XAUUSD,1m,1769395200000,1769395259999,5085.09,5086.18,5084.07,5086.0,826.0,0
XAUUSD,1m,1769395260000,1769395319999,5086.0,5091.23,5085.72,5089.14,1373.0,0
XAUUSD,1m,1769395320000,1769395379999,5089.14,5091.46,5087.67,5091.4,1252.0,0
XAUUSD,1m,1769395380000,1769395439999,5091.4,5091.4,5089.42,5089.54,1297.0,0
XAUUSD,1m,1769395440000,1769395499999,5089.54,5090.75,5088.18,5088.44,1449.0,0
XAUUSD,1m,1769395500000,1769395559999,5088.44,5090.31,5086.84,5089.3,1368.0,0
XAUUSD,1m,1769395560000,1769395619999,5089.3,5091.07,5087.11,5087.68,991.0,0
XAUUSD,1m,1769395620000,1769395679999,5087.68,5088.05,5084.94,5085.76,1015.0,0
XAUUSD,1m,1769395680000,1769395739999,5085.76,5088.3,5084.04,5087.38,1318.0,0
XAUUSD,1m,1769395740000,1769395799999,5087.38,5088.2,5086.42,5086.77,730.0,0
XAUUSD,1m,1769395800000,1769395859999,5086.77,5088.24,5083.86,5087.91,1443.0,0
XAUUSD,1m,1769395860000,1769395919999,5087.91,5088.94,5084.78,5085.35,971.0,0
XAUUSD,1m,1769395920000,1769395979999,5085.35,5087.22,5085.1,5087.15,680.0,0
XAUUSD,1m,1769395980000,1769396039999,5087.15,5087.63,5085.21,5085.54,977.0,0
XAUUSD,1m,1769396040000,1769396099999,5085.54,5086.53,5084.51,5086.05,1131.0,0
XAUUSD,1m,1769396100000,1769396159999,5086.05,5087.3,5085.73,5087.25,676.0,0
XAUUSD,1m,1769396160000,1769396219999,5087.25,5087.4,5081.35,5081.68,2058.0,0
XAUUSD,1m,1769396220000,1769396279999,5081.68,5082.68,5080.66,5081.41,1552.0,0
XAUUSD,1m,1769396280000,1769396339999,5081.41,5083.9,5080.63,5080.88,1425.0,0
XAUUSD,1m,1769396340000,1769396399999,5080.88,5082.81,5080.4,5080.88,1884.0,0
XAUUSD,1m,1769396400000,1769396459999,5080.88,5080.88,5077.47,5078.12,2029.0,0
XAUUSD,1m,1769396460000,1769396519999,5078.12,5078.16,5072.08,5075.38,2530.0,0
XAUUSD,1m,1769396520000,1769396579999,5075.38,5077.86,5071.4,5077.81,1763.0,0
XAUUSD,1m,1769396580000,1769396639999,5077.81,5079.93,5076.93,5077.63,1274.0,0
XAUUSD,1m,1769396640000,1769396699999,5077.63,5081.72,5076.99,5081.58,1271.0,0
XAUUSD,1m,1769396700000,1769396759999,5081.58,5083.44,5080.88,5083.33,959.0,0
XAUUSD,1m,1769396760000,1769396819999,5083.33,5084.76,5082.63,5084.56,1071.0,0
XAUUSD,1m,1769396820000,1769396879999,5084.56,5085.05,5078.09,5079.45,1434.0,0
XAUUSD,1m,1769396880000,1769396939999,5079.45,5081.82,5078.85,5081.03,921.0,0
XAUUSD,1m,1769396940000,1769396999999,5081.03,5082.26,5078.62,5080.16,1103.0,0
XAUUSD,1m,1769397000000,1769397059999,5080.16,5084.42,5078.99,5084.42,1081.0,0
XAUUSD,1m,1769397060000,1769397119999,5084.42,5084.62,5080.13,5080.81,1466.0,0
XAUUSD,1m,1769397120000,1769397179999,5080.81,5082.59,5079.29,5081.61,1102.0,0
XAUUSD,1m,1769397180000,1769397239999,5081.61,5084.2,5081.18,5084.16,880.0,0
XAUUSD,1m,1769397240000,1769397299999,5084.16,5084.81,5082.99,5084.7,528.0,0
XAUUSD,1m,1769397300000,1769397359999,5084.7,5087.24,5083.92,5087.03,813.0,0
XAUUSD,1m,1769397360000,1769397419999,5087.03,5087.69,5086.19,5086.26,767.0,0
XAUUSD,1m,1769397420000,1769397479999,5086.26,5086.44,5081.7,5082.63,989.0,0
XAUUSD,1m,1769397480000,1769397539999,5082.63,5082.63,5080.52,5080.55,1185.0,0
XAUUSD,1m,1769397540000,1769397599999,5080.55,5080.85,5077.91,5078.54,1661.0,0
XAUUSD,1m,1769397600000,1769397659999,5078.54,5079.21,5074.88,5076.62,1822.0,0
XAUUSD,1m,1769397660000,1769397719999,5076.62,5080.36,5075.67,5080.31,1736.0,0
XAUUSD,1m,1769397720000,1769397779999,5080.31,5083.02,5078.5,5082.09,1717.0,0
XAUUSD,1m,1769397780000,1769397839999,5082.09,5083.03,5081.46,5081.91,1109.0,0
XAUUSD,1m,1769397840000,1769397899999,5081.91,5083.5,5080.85,5083.46,1040.0,0
XAUUSD,1m,1769397900000,1769397959999,5083.46,5084.57,5081.17,5081.57,1012.0,0
XAUUSD,1m,1769397960000,1769398019999,5081.57,5083.3,5081.27,5083.18,976.0,0
XAUUSD,1m,1769398020000,1769398079999,5083.18,5083.21,5081.25,5082.01,880.0,0
XAUUSD,1m,1769398080000,1769398139999,5082.01,5082.53,5079.69,5079.87,863.0,0
XAUUSD,1m,1769398140000,1769398199999,5079.87,5080.36,5077.51,5079.28,1053.0,0
XAUUSD,1m,1769398200000,1769398259999,5079.28,5082.17,5078.9,5081.97,614.0,0
XAUUSD,1m,1769398260000,1769398319999,5081.97,5082.39,5079.39,5079.94,464.0,0
XAUUSD,1m,1769398320000,1769398379999,5079.94,5080.12,5077.46,5079.74,663.0,0
XAUUSD,1m,1769398380000,1769398439999,5079.74,5081.7,5078.89,5081.47,876.0,0
XAUUSD,1m,1769398440000,1769398499999,5081.47,5083.44,5081.24,5082.86,569.0,0
XAUUSD,1m,1769398500000,1769398559999,5082.86,5083.89,5080.67,5081.51,731.0,0
XAUUSD,1m,1769398560000,1769398619999,5081.51,5081.77,5079.85,5081.09,971.0,0
XAUUSD,1m,1769398620000,1769398679999,5081.09,5081.64,5080.2,5080.77,648.0,0
XAUUSD,1m,1769398680000,1769398739999,5080.77,5081.13,5080.28,5080.8,711.0,0
XAUUSD,1m,1769398740000,1769398799999,5080.8,5080.8,5079.81,5080.21,645.0,0
XAUUSD,1m,1769398800000,1769398859999,5080.21,5080.63,5076.92,5079.65,692.0,0
XAUUSD,1m,1769398860000,1769398919999,5079.65,5080.5,5077.09,5078.08,874.0,0
XAUUSD,1m,1769398920000,1769398979999,5078.08,5078.5,5076.59,5077.74,690.0,0
XAUUSD,1m,1769398980000,1769399039999,5077.74,5078.4,5075.93,5076.79,976.0,0
XAUUSD,1m,1769399040000,1769399099999,5076.79,5078.92,5076.79,5078.13,940.0,0
XAUUSD,1m,1769399100000,1769399159999,5078.13,5079.44,5076.85,5077.07,1141.0,0
XAUUSD,1m,1769399160000,1769399219999,5077.07,5077.89,5075.62,5077.75,1019.0,0
XAUUSD,1m,1769399220000,1769399279999,5077.75,5078.43,5075.37,5075.87,994.0,0
XAUUSD,1m,1769399280000,1769399339999,5075.87,5077.1,5072.5,5073.17,1465.0,0
XAUUSD,1m,1769399340000,1769399399999,5073.17,5076.19,5071.91,5074.23,1328.0,0
XAUUSD,1m,1769399400000,1769399459999,5074.23,5075.11,5072.27,5073.78,1298.0,0
XAUUSD,1m,1769399460000,1769399519999,5073.78,5076.43,5073.78,5075.21,879.0,0
XAUUSD,1m,1769399520000,1769399579999,5075.21,5075.49,5070.11,5070.23,1120.0,0
XAUUSD,1m,1769399580000,1769399639999,5070.23,5073.37,5070.23,5073.05,1273.0,0
XAUUSD,1m,1769399640000,1769399699999,5073.05,5074.25,5071.77,5071.87,1002.0,0
XAUUSD,1m,1769399700000,1769399759999,5071.87,5073.94,5071.31,5073.21,1112.0,0
XAUUSD,1m,1769399760000,1769399819999,5073.21,5074.02,5072.68,5073.97,917.0,0
XAUUSD,1m,1769399820000,1769399879999,5073.97,5075.49,5073.4,5075.28,979.0,0
XAUUSD,1m,1769399880000,1769399939999,5075.28,5075.49,5074.2,5074.97,642.0,0
XAUUSD,1m,1769399940000,1769399999999,5074.97,5076.88,5074.91,5076.67,746.0,0
XAUUSD,1m,1769400000000,1769400059999,5076.67,5077.0,5075.63,5075.71,353.0,0
XAUUSD,1m,1769400060000,1769400119999,5075.71,5076.7,5074.77,5076.06,531.0,0
XAUUSD,1m,1769400120000,1769400179999,5076.06,5076.13,5072.28,5073.12,1038.0,0
XAUUSD,1m,1769400180000,1769400239999,5073.12,5074.52,5072.64,5073.1,775.0,0
XAUUSD,1m,1769400240000,1769400299999,5073.1,5073.96,5072.17,5073.73,681.0,0
XAUUSD,1m,1769400300000,1769400359999,5073.73,5075.04,5073.31,5074.37,559.0,0
XAUUSD,1m,1769400360000,1769400419999,5074.37,5074.71,5072.65,5073.34,397.0,0
XAUUSD,1m,1769400420000,1769400479999,5073.34,5075.14,5073.12,5074.83,386.0,0
XAUUSD,1m,1769400480000,1769400539999,5074.83,5077.17,5074.83,5076.81,586.0,0
XAUUSD,1m,1769400540000,1769400599999,5076.81,5078.02,5075.25,5076.08,808.0,0
XAUUSD,1m,1769400600000,1769400659999,5076.08,5076.37,5075.05,5075.68,645.0,0
XAUUSD,1m,1769400660000,1769400719999,5075.68,5075.95,5073.09,5074.0,756.0,0
XAUUSD,1m,1769400720000,1769400779999,5074.0,5075.78,5073.85,5075.19,700.0,0
XAUUSD,1m,1769400780000,1769400839999,5075.19,5076.25,5075.12,5076.09,856.0,0
XAUUSD,1m,1769400840000,1769400899999,5076.09,5076.17,5074.84,5075.9,456.0,0
XAUUSD,1m,1769400900000,1769400959999,5075.9,5076.53,5075.83,5075.96,448.0,0
XAUUSD,1m,1769400960000,1769401019999,5075.96,5075.97,5074.49,5075.78,570.0,0
XAUUSD,1m,1769401020000,1769401079999,5075.78,5075.81,5072.53,5074.69,912.0,0
XAUUSD,1m,1769401080000,1769401139999,5074.69,5075.4,5074.3,5075.31,301.0,0
XAUUSD,1m,1769401140000,1769401199999,5075.31,5076.27,5074.58,5075.94,414.0,0
XAUUSD,1m,1769401200000,1769401259999,5075.94,5076.49,5073.56,5074.26,996.0,0
XAUUSD,1m,1769401260000,1769401319999,5074.26,5074.95,5072.22,5072.42,726.0,0
XAUUSD,1m,1769401320000,1769401379999,5072.42,5073.27,5071.53,5072.08,843.0,0
XAUUSD,1m,1769401380000,1769401439999,5072.08,5072.66,5071.25,5071.63,528.0,0
XAUUSD,1m,1769401440000,1769401499999,5071.63,5072.9,5071.63,5072.66,512.0,0
XAUUSD,1m,1769401500000,1769401559999,5072.66,5073.33,5071.65,5071.71,443.0,0
XAUUSD,1m,1769401560000,1769401619999,5071.71,5073.12,5071.43,5072.14,1160.0,0
XAUUSD,1m,1769401620000,1769401679999,5072.14,5073.15,5072.14,5073.07,573.0,0
XAUUSD,1m,1769401680000,1769401739999,5073.07,5073.33,5072.26,5072.59,480.0,0
XAUUSD,1m,1769401740000,1769401799999,5072.59,5072.87,5071.54,5072.37,766.0,0
XAUUSD,1m,1769401800000,1769401859999,5072.37,5072.94,5071.5,5072.91,384.0,0
XAUUSD,1m,1769401860000,1769401919999,5072.91,5073.06,5071.93,5072.5,662.0,0
XAUUSD,1m,1769401920000,1769401979999,5072.5,5072.5,5063.97,5067.77,1494.0,0
XAUUSD,1m,1769401980000,1769402039999,5067.77,5069.38,5065.58,5069.32,1177.0,0
XAUUSD,1m,1769402040000,1769402099999,5069.32,5070.63,5068.79,5070.22,511.0,0
XAUUSD,1m,1769402100000,1769402159999,5070.22,5072.25,5070.2,5071.34,576.0,0
XAUUSD,1m,1769402160000,1769402219999,5071.34,5072.37,5070.88,5071.63,432.0,0
XAUUSD,1m,1769402220000,1769402279999,5071.63,5072.02,5070.18,5071.47,529.0,0
XAUUSD,1m,1769402280000,1769402339999,5071.47,5071.74,5067.19,5067.36,525.0,0
XAUUSD,1m,1769402340000,1769402399999,5067.36,5067.79,5065.8,5066.75,759.0,0
XAUUSD,1m,1769402400000,1769402459999,5066.75,5067.25,5065.23,5066.13,564.0,0
XAUUSD,1m,1769402460000,1769402519999,5066.13,5066.66,5064.25,5065.58,740.0,0
XAUUSD,1m,1769402520000,1769402579999,5065.58,5066.44,5064.47,5065.33,773.0,0
XAUUSD,1m,1769402580000,1769402639999,5065.33,5066.3,5064.4,5065.46,520.0,0
XAUUSD,1m,1769402640000,1769402699999,5065.46,5067.3,5065.46,5067.05,328.0,0
XAUUSD,1m,1769402700000,1769402759999,5067.05,5067.3,5059.79,5063.24,1026.0,0
XAUUSD,1m,1769402760000,1769402819999,5063.24,5064.57,5058.5,5061.22,1615.0,0
XAUUSD,1m,1769402820000,1769402879999,5061.22,5063.99,5060.67,5063.19,1020.0,0
XAUUSD,1m,1769402880000,1769402939999,5063.19,5064.07,5061.36,5063.86,692.0,0
XAUUSD,1m,1769402940000,1769402999999,5063.86,5064.94,5062.95,5063.31,560.0,0
XAUUSD,1m,1769403000000,1769403059999,5063.31,5066.44,5063.31,5066.03,342.0,0
XAUUSD,1m,1769403060000,1769403119999,5066.03,5067.01,5065.78,5066.84,305.0,0
XAUUSD,1m,1769403120000,1769403179999,5066.84,5067.4,5066.27,5066.68,322.0,0
XAUUSD,1m,1769403180000,1769403239999,5066.68,5066.81,5064.93,5065.88,375.0,0
XAUUSD,1m,1769403240000,1769403299999,5065.88,5065.88,5064.71,5065.6,354.0,0
XAUUSD,1m,1769403300000,1769403359999,5065.6,5067.26,5065.19,5066.8,445.0,0
XAUUSD,1m,1769403360000,1769403419999,5066.8,5069.6,5065.67,5069.39,549.0,0
XAUUSD,1m,1769403420000,1769403479999,5069.39,5071.96,5069.0,5071.57,958.0,0
XAUUSD,1m,1769403480000,1769403539999,5071.57,5072.38,5069.85,5070.78,608.0,0
XAUUSD,1m,1769403540000,1769403599999,5070.78,5070.78,5068.83,5070.45,292.0,0
XAUUSD,1m,1769403600000,1769403659999,5070.45,5070.8,5069.29,5070.66,288.0,0
XAUUSD,1m,1769403660000,1769403719999,5070.66,5072.35,5070.55,5072.33,300.0,0
XAUUSD,1m,1769403720000,1769403779999,5072.33,5072.83,5071.48,5071.88,368.0,0
XAUUSD,1m,1769403780000,1769403839999,5071.88,5071.94,5069.8,5070.18,399.0,0
XAUUSD,1m,1769403840000,1769403899999,5070.18,5070.28,5068.04,5068.07,447.0,0
XAUUSD,1m,1769403900000,1769403959999,5068.07,5068.12,5062.5,5063.98,1293.0,0
XAUUSD,1m,1769403960000,1769404019999,5063.98,5065.15,5062.9,5064.96,926.0,0
XAUUSD,1m,1769404020000,1769404079999,5064.96,5065.07,5058.73,5059.5,1509.0,0
XAUUSD,1m,1769404080000,1769404139999,5059.5,5063.61,5059.2,5062.91,1110.0,0
XAUUSD,1m,1769404140000,1769404199999,5062.91,5065.24,5062.91,5064.74,574.0,0
XAUUSD,1m,1769404200000,1769404259999,5064.74,5064.78,5061.5,5062.7,489.0,0
XAUUSD,1m,1769404260000,1769404319999,5062.7,5062.77,5059.4,5060.31,991.0,0
XAUUSD,1m,1769404320000,1769404379999,5060.31,5060.45,5055.12,5058.45,1445.0,0
XAUUSD,1m,1769404380000,1769404439999,5058.45,5059.8,5056.77,5059.46,935.0,0
XAUUSD,1m,1769404440000,1769404499999,5059.46,5060.93,5059.23,5059.93,1136.0,0
XAUUSD,1m,1769404500000,1769404559999,5059.93,5061.42,5059.38,5060.49,772.0,0
XAUUSD,1m,1769404560000,1769404619999,5060.49,5061.88,5060.23,5060.95,576.0,0
XAUUSD,1m,1769404620000,1769404679999,5060.95,5061.92,5059.18,5060.06,475.0,0
XAUUSD,1m,1769404680000,1769404739999,5060.06,5060.61,5059.41,5059.7,564.0,0
XAUUSD,1m,1769404740000,1769404799999,5059.7,5060.02,5052.1,5053.87,1649.0,0
XAUUSD,1m,1769404800000,1769404859999,5053.87,5057.24,5053.87,5056.89,1529.0,0
XAUUSD,1m,1769404860000,1769404919999,5056.89,5059.89,5054.5,5059.32,1317.0,0
XAUUSD,1m,1769404920000,1769404979999,5059.32,5060.51,5057.24,5059.48,823.0,0
XAUUSD,1m,1769404980000,1769405039999,5059.48,5063.59,5059.48,5063.09,667.0,0
XAUUSD,1m,1769405040000,1769405099999,5063.09,5063.74,5061.41,5062.91,465.0,0
XAUUSD,1m,1769405100000,1769405159999,5062.91,5062.91,5061.25,5061.98,342.0,0
XAUUSD,1m,1769405160000,1769405219999,5061.98,5065.14,5061.04,5064.63,1146.0,0
XAUUSD,1m,1769405220000,1769405279999,5064.63,5066.69,5064.62,5066.42,686.0,0
XAUUSD,1m,1769405280000,1769405339999,5066.42,5066.84,5064.29,5064.53,1235.0,0
XAUUSD,1m,1769405340000,1769405399999,5064.53,5066.06,5063.22,5065.53,1165.0,0
XAUUSD,1m,1769405400000,1769405459999,5065.53,5065.79,5061.16,5064.93,2244.0,0
XAUUSD,1m,1769405460000,1769405519999,5064.93,5064.93,5055.23,5055.55,2397.0,0
XAUUSD,1m,1769405520000,1769405579999,5055.55,5060.22,5054.83,5059.53,2267.0,0
XAUUSD,1m,1769405580000,1769405639999,5059.53,5064.67,5059.53,5064.53,1502.0,0
XAUUSD,1m,1769405640000,1769405699999,5064.53,5066.39,5062.17,5063.2,2071.0,0
XAUUSD,1m,1769405700000,1769405759999,5063.2,5068.01,5062.8,5066.58,1223.0,0
XAUUSD,1m,1769405760000,1769405819999,5066.58,5067.16,5064.58,5064.64,1225.0,0
XAUUSD,1m,1769405820000,1769405879999,5064.64,5065.26,5056.82,5059.65,1985.0,0
XAUUSD,1m,1769405880000,1769405939999,5059.65,5066.88,5059.65,5062.53,1901.0,0
XAUUSD,1m,1769405940000,1769405999999,5062.53,5063.1,5059.26,5061.39,1471.0,0
XAUUSD,1m,1769406000000,1769406059999,5061.39,5063.32,5058.81,5059.28,2013.0,0
XAUUSD,1m,1769406060000,1769406119999,5059.28,5059.39,5054.94,5058.43,2112.0,0
XAUUSD,1m,1769406120000,1769406179999,5058.43,5059.25,5055.04,5057.74,1752.0,0
XAUUSD,1m,1769406180000,1769406239999,5057.74,5058.82,5052.72,5058.18,2408.0,0
XAUUSD,1m,1769406240000,1769406299999,5058.18,5060.41,5057.55,5059.78,1457.0,0
XAUUSD,1m,1769406300000,1769406359999,5059.78,5063.37,5058.24,5062.08,1748.0,0
XAUUSD,1m,1769406360000,1769406419999,5062.08,5065.95,5061.39,5064.58,1446.0,0
XAUUSD,1m,1769406420000,1769406479999,5064.58,5068.89,5063.52,5068.32,1857.0,0
XAUUSD,1m,1769406480000,1769406539999,5068.32,5070.89,5067.48,5070.27,2122.0,0
XAUUSD,1m,1769406540000,1769406599999,5070.27,5072.1,5069.94,5072.06,1947.0,0
XAUUSD,1m,1769406600000,1769406659999,5072.06,5072.78,5070.04,5072.48,1582.0,0
XAUUSD,1m,1769406660000,1769406719999,5072.48,5073.44,5071.05,5072.97,1505.0,0
XAUUSD,1m,1769406720000,1769406779999,5072.97,5074.68,5072.58,5074.34,1071.0,0
XAUUSD,1m,1769406780000,1769406839999,5074.34,5076.35,5073.97,5074.42,1258.0,0
XAUUSD,1m,1769406840000,1769406899999,5074.42,5075.62,5071.69,5073.54,875.0,0
XAUUSD,1m,1769406900000,1769406959999,5073.54,5074.65,5072.36,5073.09,913.0,0
XAUUSD,1m,1769406960000,1769407019999,5073.09,5074.46,5071.25,5071.27,798.0,0
XAUUSD,1m,1769407020000,1769407079999,5071.27,5073.61,5071.25,5073.28,742.0,0
XAUUSD,1m,1769407080000,1769407139999,5073.28,5074.84,5072.7,5074.5,1407.0,0
XAUUSD,1m,1769407140000,1769407199999,5074.5,5075.39,5073.87,5074.33,590.0,0
XAUUSD,1m,1769407200000,1769407259999,5074.33,5076.65,5073.62,5076.34,976.0,0
XAUUSD,1m,1769407260000,1769407319999,5076.34,5082.2,5075.95,5081.98,1414.0,0
XAUUSD,1m,1769407320000,1769407379999,5081.98,5082.12,5075.96,5076.76,1562.0,0
XAUUSD,1m,1769407380000,1769407439999,5076.76,5079.65,5075.41,5079.37,1440.0,0
XAUUSD,1m,1769407440000,1769407499999,5079.37,5079.44,5075.83,5079.19,1245.0,0
XAUUSD,1m,1769407500000,1769407559999,5079.19,5079.19,5075.13,5075.45,1149.0,0
XAUUSD,1m,1769407560000,1769407619999,5075.45,5076.14,5074.41,5074.95,1317.0,0
XAUUSD,1m,1769407620000,1769407679999,5074.95,5078.4,5074.0,5078.3,1223.0,0
XAUUSD,1m,1769407680000,1769407739999,5078.3,5078.74,5072.24,5074.51,1445.0,0
XAUUSD,1m,1769407740000,1769407799999,5074.51,5074.56,5070.87,5071.62,1391.0,0
XAUUSD,1m,1769407800000,1769407859999,5071.62,5075.98,5071.62,5075.97,973.0,0
XAUUSD,1m,1769407860000,1769407919999,5075.97,5076.07,5073.11,5073.87,1126.0,0
XAUUSD,1m,1769407920000,1769407979999,5073.87,5075.28,5071.61,5073.03,930.0,0
XAUUSD,1m,1769407980000,1769408039999,5073.03,5073.33,5068.28,5069.94,1059.0,0
XAUUSD,1m,1769408040000,1769408099999,5069.94,5071.64,5067.27,5069.21,1197.0,0
XAUUSD,1m,1769408100000,1769408159999,5069.21,5069.81,5065.22,5067.67,1061.0,0
XAUUSD,1m,1769408160000,1769408219999,5067.67,5069.34,5066.2,5069.3,1431.0,0
XAUUSD,1m,1769408220000,1769408279999,5069.3,5072.83,5067.39,5072.11,1610.0,0
XAUUSD,1m,1769408280000,1769408339999,5072.11,5072.51,5069.42,5070.39,635.0,0
XAUUSD,1m,1769408340000,1769408399999,5070.39,5071.88,5069.41,5071.07,735.0,0
XAUUSD,1m,1769408400000,1769408459999,5071.07,5071.96,5070.0,5071.04,735.0,0
XAUUSD,1m,1769408460000,1769408519999,5071.04,5071.04,5068.34,5070.0,1079.0,0
XAUUSD,1m,1769408520000,1769408579999,5070.0,5070.57,5068.59,5069.42,1240.0,0
XAUUSD,1m,1769408580000,1769408639999,5069.42,5071.55,5068.72,5071.26,1031.0,0
XAUUSD,1m,1769408640000,1769408699999,5071.26,5073.12,5069.86,5072.81,948.0,0
XAUUSD,1m,1769408700000,1769408759999,5072.81,5076.7,5072.65,5076.1,1478.0,0
XAUUSD,1m,1769408760000,1769408819999,5076.1,5077.16,5072.49,5074.21,1216.0,0
XAUUSD,1m,1769408820000,1769408879999,5074.21,5076.22,5074.04,5075.53,1492.0,0
XAUUSD,1m,1769408880000,1769408939999,5075.53,5076.33,5074.27,5075.24,1228.0,0
XAUUSD,1m,1769408940000,1769408999999,5075.24,5075.74,5073.88,5075.1,906.0,0
XAUUSD,1m,1769409000000,1769409059999,5075.1,5077.83,5074.65,5075.4,1635.0,0
XAUUSD,1m,1769409060000,1769409119999,5075.4,5077.09,5075.4,5076.76,527.0,0
XAUUSD,1m,1769409120000,1769409179999,5076.76,5079.47,5076.76,5079.41,1140.0,0
XAUUSD,1m,1769409180000,1769409239999,5079.41,5079.61,5077.64,5077.93,1168.0,0
XAUUSD,1m,1769409240000,1769409299999,5077.93,5079.76,5076.88,5079.6,1133.0,0
XAUUSD,1m,1769409300000,1769409359999,5079.6,5080.27,5077.91,5078.84,729.0,0
XAUUSD,1m,1769409360000,1769409419999,5078.84,5082.32,5078.83,5082.1,696.0,0
XAUUSD,1m,1769409420000,1769409479999,5082.1,5083.18,5081.53,5082.3,637.0,0
XAUUSD,1m,1769409480000,1769409539999,5082.3,5084.54,5082.01,5083.12,1077.0,0
XAUUSD,1m,1769409540000,1769409599999,5083.12,5085.58,5082.63,5084.17,1352.0,0
XAUUSD,1m,1769409600000,1769409659999,5084.17,5084.19,5082.13,5082.59,1205.0,0
XAUUSD,1m,1769409660000,1769409719999,5082.59,5084.29,5081.59,5083.49,1259.0,0
XAUUSD,1m,1769409720000,1769409779999,5083.49,5089.32,5082.42,5089.03,1411.0,0
XAUUSD,1m,1769409780000,1769409839999,5089.03,5089.62,5086.97,5087.06,1018.0,0
XAUUSD,1m,1769409840000,1769409899999,5087.06,5092.59,5087.05,5092.03,1393.0,0
XAUUSD,1m,1769409900000,1769409959999,5092.03,5099.55,5091.92,5098.14,1771.0,0
XAUUSD,1m,1769409960000,1769410019999,5098.14,5100.12,5094.61,5099.81,1474.0,0
XAUUSD,1m,1769410020000,1769410079999,5099.81,5109.08,5098.54,5108.17,2136.0,0
XAUUSD,1m,1769410080000,1769410139999,5108.17,5110.13,5104.77,5107.18,2241.0,0
XAUUSD,1m,1769410140000,1769410199999,5107.18,5107.7,5102.63,5106.84,1876.0,0
XAUUSD,1m,1769410200000,1769410259999,5106.84,5110.37,5105.75,5108.59,1830.0,0
XAUUSD,1m,1769410260000,1769410319999,5108.59,5110.91,5103.47,5104.5,1791.0,0
XAUUSD,1m,1769410320000,1769410379999,5104.5,5105.22,5101.74,5102.48,1523.0,0
XAUUSD,1m,1769410380000,1769410439999,5102.48,5103.79,5100.46,5100.71,1955.0,0
XAUUSD,1m,1769410440000,1769410499999,5100.71,5101.68,5098.86,5099.04,2304.0,0
XAUUSD,1m,1769410500000,1769410559999,5099.04,5099.1,5091.86,5092.54,2245.0,0
XAUUSD,1m,1769410560000,1769410619999,5092.54,5093.25,5087.05,5087.84,2595.0,0
XAUUSD,1m,1769410620000,1769410679999,5087.84,5088.3,5084.2,5084.94,2531.0,0
XAUUSD,1m,1769410680000,1769410739999,5084.94,5085.13,5075.86,5079.24,2545.0,0
XAUUSD,1m,1769410740000,1769410799999,5079.24,5080.5,5076.45,5077.24,1732.0,0
XAUUSD,1m,1769410800000,1769410859999,5077.24,5081.58,5074.83,5075.52,1809.0,0
XAUUSD,1m,1769410860000,1769410919999,5075.52,5078.2,5073.44,5076.32,1641.0,0
XAUUSD,1m,1769410920000,1769410979999,5076.32,5078.74,5076.24,5076.93,1321.0,0
XAUUSD,1m,1769410980000,1769411039999,5076.93,5081.66,5076.86,5080.72,956.0,0
XAUUSD,1m,1769411040000,1769411099999,5080.72,5082.74,5079.96,5080.94,1792.0,0
XAUUSD,1m,1769411100000,1769411159999,5080.94,5082.82,5080.79,5081.38,1290.0,0
XAUUSD,1m,1769411160000,1769411219999,5081.38,5086.43,5081.05,5085.3,1278.0,0
XAUUSD,1m,1769411220000,1769411279999,5085.3,5087.96,5082.08,5087.51,1242.0,0
XAUUSD,1m,1769411280000,1769411339999,5087.51,5090.28,5085.73,5086.54,1079.0,0
XAUUSD,1m,1769411340000,1769411399999,5086.54,5088.3,5085.8,5088.2,631.0,0
XAUUSD,1m,1769411400000,1769411459999,5088.2,5088.53,5086.68,5088.47,505.0,0
XAUUSD,1m,1769411460000,1769411519999,5088.47,5089.69,5086.91,5088.39,936.0,0
XAUUSD,1m,1769411520000,1769411579999,5088.39,5090.18,5087.02,5089.48,477.0,0
XAUUSD,1m,1769411580000,1769411639999,5089.48,5090.39,5088.29,5089.78,755.0,0
XAUUSD,1m,1769411640000,1769411699999,5089.78,5092.29,5088.01,5091.0,824.0,0
XAUUSD,1m,1769411700000,1769411759999,5091.0,5091.12,5089.5,5090.32,712.0,0
XAUUSD,1m,1769411760000,1769411819999,5090.32,5093.86,5089.82,5092.8,782.0,0
XAUUSD,1m,1769411820000,1769411879999,5092.8,5094.64,5092.42,5094.36,1218.0,0
XAUUSD,1m,1769411880000,1769411939999,5094.36,5095.58,5093.04,5095.38,679.0,0
XAUUSD,1m,1769411940000,1769411999999,5095.38,5095.38,5092.59,5092.6,652.0,0
XAUUSD,1m,1769412000000,1769412059999,5092.6,5095.5,5092.3,5093.98,535.0,0
XAUUSD,1m,1769412060000,1769412119999,5093.98,5095.28,5091.42,5092.36,822.0,0
XAUUSD,1m,1769412120000,1769412179999,5092.36,5093.19,5090.59,5092.59,685.0,0
XAUUSD,1m,1769412180000,1769412239999,5092.59,5092.94,5091.38,5092.07,444.0,0
XAUUSD,1m,1769412240000,1769412299999,5092.07,5094.08,5091.18,5091.79,553.0,0
XAUUSD,1m,1769412300000,1769412359999,5091.79,5092.38,5090.77,5091.87,606.0,0
XAUUSD,1m,1769412360000,1769412419999,5091.87,5094.58,5091.87,5094.58,542.0,0
XAUUSD,1m,1769412420000,1769412479999,5094.58,5095.37,5094.32,5094.83,565.0,0
XAUUSD,1m,1769412480000,1769412539999,5094.83,5095.45,5093.84,5095.4,517.0,0
XAUUSD,1m,1769412540000,1769412599999,5095.4,5095.6,5094.93,5095.25,402.0,0
XAUUSD,1m,1769412600000,1769412659999,5095.25,5095.55,5092.15,5092.74,717.0,0
XAUUSD,1m,1769412660000,1769412719999,5092.74,5093.97,5092.36,5093.38,704.0,0
XAUUSD,1m,1769412720000,1769412779999,5093.38,5094.15,5093.07,5093.09,471.0,0
XAUUSD,1m,1769412780000,1769412839999,5093.09,5093.42,5091.12,5091.99,659.0,0
XAUUSD,1m,1769412840000,1769412899999,5091.99,5093.3,5091.99,5092.82,410.0,0
XAUUSD,1m,1769412900000,1769412959999,5092.82,5092.86,5090.91,5092.64,380.0,0
XAUUSD,1m,1769412960000,1769413019999,5092.64,5093.11,5089.01,5089.98,672.0,0
XAUUSD,1m,1769413020000,1769413079999,5089.98,5090.93,5089.9,5090.84,732.0,0
XAUUSD,1m,1769413080000,1769413139999,5090.84,5091.31,5090.23,5090.71,355.0,0
XAUUSD,1m,1769413140000,1769413199999,5090.71,5091.07,5089.16,5090.43,523.0,0
XAUUSD,1m,1769413200000,1769413259999,5090.43,5090.48,5088.35,5089.75,722.0,0
XAUUSD,1m,1769413260000,1769413319999,5089.75,5090.74,5089.12,5090.22,370.0,0
XAUUSD,1m,1769413320000,1769413379999,5090.22,5090.75,5087.87,5088.19,760.0,0
XAUUSD,1m,1769413380000,1769413439999,5088.19,5088.61,5087.12,5087.47,858.0,0
XAUUSD,1m,1769413440000,1769413499999,5087.47,5088.6,5085.72,5088.6,1143.0,0
XAUUSD,1m,1769413500000,1769413559999,5088.6,5091.45,5088.59,5089.94,1019.0,0
XAUUSD,1m,1769413560000,1769413619999,5089.94,5089.94,5088.21,5088.83,574.0,0
XAUUSD,1m,1769413620000,1769413679999,5088.83,5089.57,5088.39,5088.97,481.0,0
XAUUSD,1m,1769413680000,1769413739999,5088.97,5092.21,5088.79,5091.4,492.0,0
XAUUSD,1m,1769413740000,1769413799999,5091.4,5092.62,5091.31,5092.43,244.0,0
XAUUSD,1m,1769413800000,1769413859999,5092.43,5092.69,5091.59,5092.27,243.0,0
XAUUSD,1m,1769413860000,1769413919999,5092.27,5092.67,5091.64,5091.65,337.0,0
XAUUSD,1m,1769413920000,1769413979999,5091.65,5091.83,5090.67,5090.7,417.0,0
XAUUSD,1m,1769413980000,1769414039999,5090.7,5092.74,5090.22,5091.66,424.0,0
XAUUSD,1m,1769414040000,1769414099999,5091.66,5094.14,5091.62,5091.97,541.0,0
XAUUSD,1m,1769414100000,1769414159999,5091.97,5092.67,5090.57,5091.69,462.0,0
XAUUSD,1m,1769414160000,1769414219999,5091.69,5093.06,5091.48,5093.05,435.0,0
XAUUSD,1m,1769414220000,1769414279999,5093.05,5093.07,5089.18,5089.48,698.0,0
XAUUSD,1m,1769414280000,1769414339999,5089.48,5090.68,5089.15,5090.27,523.0,0
XAUUSD,1m,1769414340000,1769414399999,5090.27,5090.27,5088.2,5089.03,548.0,0
XAUUSD,1m,1769414400000,1769414459999,5089.03,5090.48,5087.16,5089.89,935.0,0
XAUUSD,1m,1769414460000,1769414519999,5089.89,5094.68,5089.76,5094.67,708.0,0
XAUUSD,1m,1769414520000,1769414579999,5094.67,5095.38,5093.02,5094.47,672.0,0
XAUUSD,1m,1769414580000,1769414639999,5094.47,5096.72,5094.25,5094.27,921.0,0
XAUUSD,1m,1769414640000,1769414699999,5094.27,5095.27,5093.82,5094.61,532.0,0
XAUUSD,1m,1769414700000,1769414759999,5094.61,5096.04,5093.3,5093.93,738.0,0
XAUUSD,1m,1769414760000,1769414819999,5093.93,5093.96,5090.5,5090.52,723.0,0
XAUUSD,1m,1769414820000,1769414879999,5090.52,5091.94,5089.83,5091.56,867.0,0
XAUUSD,1m,1769414880000,1769414939999,5091.56,5091.81,5090.33,5090.78,727.0,0
XAUUSD,1m,1769414940000,1769414999999,5090.78,5092.03,5090.09,5091.2,668.0,0
XAUUSD,1m,1769415000000,1769415059999,5091.2,5091.88,5089.56,5091.44,724.0,0
XAUUSD,1m,1769415060000,1769415119999,5091.44,5093.42,5091.09,5093.17,836.0,0
XAUUSD,1m,1769415120000,1769415179999,5093.17,5094.94,5092.71,5092.88,1012.0,0
XAUUSD,1m,1769415180000,1769415239999,5092.88,5095.92,5092.58,5095.0,521.0,0
XAUUSD,1m,1769415240000,1769415299999,5095.0,5096.53,5094.76,5095.99,504.0,0
XAUUSD,1m,1769415300000,1769415359999,5095.99,5096.68,5095.56,5096.36,621.0,0
XAUUSD,1m,1769415360000,1769415419999,5096.36,5096.85,5094.99,5096.34,984.0,0
XAUUSD,1m,1769415420000,1769415479999,5096.34,5097.48,5095.82,5096.83,713.0,0
XAUUSD,1m,1769415480000,1769415539999,5096.83,5097.39,5095.63,5096.14,1322.0,0
XAUUSD,1m,1769415540000,1769415599999,5096.14,5097.18,5096.13,5096.88,696.0,0
XAUUSD,1m,1769415600000,1769415659999,5096.88,5096.98,5096.2,5096.56,547.0,0
XAUUSD,1m,1769415660000,1769415719999,5096.56,5096.92,5095.38,5096.1,743.0,0
XAUUSD,1m,1769415720000,1769415779999,5096.1,5096.33,5095.4,5095.84,735.0,0
XAUUSD,1m,1769415780000,1769415839999,5095.84,5096.22,5095.27,5096.22,549.0,0
XAUUSD,1m,1769415840000,1769415899999,5096.22,5097.06,5096.03,5096.43,504.0,0
XAUUSD,1m,1769415900000,1769415959999,5096.43,5097.4,5096.37,5097.35,440.0,0
XAUUSD,1m,1769415960000,1769416019999,5097.35,5097.36,5096.57,5097.01,439.0,0
XAUUSD,1m,1769416020000,1769416079999,5097.01,5097.53,5096.69,5097.5,504.0,0
XAUUSD,1m,1769416080000,1769416139999,5097.5,5097.5,5096.89,5097.46,314.0,0
XAUUSD,1m,1769416140000,1769416199999,5097.46,5097.46,5096.03,5096.64,633.0,0
XAUUSD,1m,1769416200000,1769416259999,5096.64,5097.28,5096.2,5096.46,542.0,0
XAUUSD,1m,1769416260000,1769416319999,5096.46,5097.71,5096.46,5097.2,691.0,0
XAUUSD,1m,1769416320000,1769416379999,5097.2,5097.64,5096.77,5096.93,447.0,0
XAUUSD,1m,1769416380000,1769416439999,5096.93,5097.84,5096.65,5097.29,365.0,0
XAUUSD,1m,1769416440000,1769416499999,5097.29,5097.69,5095.89,5096.59,742.0,0
XAUUSD,1m,1769416500000,1769416559999,5096.59,5097.78,5096.37,5096.97,715.0,0
XAUUSD,1m,1769416560000,1769416619999,5096.97,5097.48,5096.6,5096.65,470.0,0
XAUUSD,1m,1769416620000,1769416679999,5096.65,5098.04,5096.61,5097.23,649.0,0
XAUUSD,1m,1769416680000,1769416739999,5097.23,5098.18,5096.61,5096.84,598.0,0
XAUUSD,1m,1769416740000,1769416799999,5096.84,5096.97,5095.36,5095.74,709.0,0
XAUUSD,1m,1769416800000,1769416859999,5095.74,5096.48,5095.19,5095.64,842.0,0
XAUUSD,1m,1769416860000,1769416919999,5095.64,5095.92,5091.62,5094.33,1251.0,0
XAUUSD,1m,1769416920000,1769416979999,5094.33,5094.54,5092.44,5092.91,1152.0,0
XAUUSD,1m,1769416980000,1769417039999,5092.91,5093.01,5090.02,5091.59,1516.0,0
XAUUSD,1m,1769417040000,1769417099999,5091.59,5093.57,5090.93,5093.25,1409.0,0
XAUUSD,1m,1769417100000,1769417159999,5093.25,5093.89,5091.0,5091.04,1469.0,0
XAUUSD,1m,1769417160000,1769417219999,5091.04,5093.56,5090.5,5092.08,1570.0,0
XAUUSD,1m,1769417220000,1769417279999,5092.08,5093.34,5089.88,5090.98,1425.0,0
XAUUSD,1m,1769417280000,1769417339999,5090.98,5091.48,5089.5,5091.34,1177.0,0
XAUUSD,1m,1769417340000,1769417399999,5091.34,5092.45,5088.71,5088.83,705.0,0
XAUUSD,1m,1769417400000,1769417459999,5088.83,5089.19,5087.27,5088.99,973.0,0
XAUUSD,1m,1769417460000,1769417519999,5088.99,5089.55,5081.62,5082.47,1649.0,0
XAUUSD,1m,1769417520000,1769417579999,5082.47,5085.4,5082.24,5082.75,1661.0,0
XAUUSD,1m,1769417580000,1769417639999,5082.75,5083.11,5080.95,5081.95,852.0,0
XAUUSD,1m,1769417640000,1769417699999,5081.95,5083.16,5079.61,5083.15,1057.0,0
XAUUSD,1m,1769417700000,1769417759999,5083.15,5084.72,5082.89,5084.09,903.0,0
XAUUSD,1m,1769417760000,1769417819999,5084.09,5084.1,5081.2,5082.14,1056.0,0
XAUUSD,1m,1769417820000,1769417879999,5082.14,5083.75,5080.89,5081.51,1043.0,0
XAUUSD,1m,1769417880000,1769417939999,5081.51,5082.9,5080.78,5082.06,791.0,0
XAUUSD,1m,1769417940000,1769417999999,5082.06,5083.39,5081.13,5083.28,1167.0,0
XAUUSD,1m,1769418000000,1769418059999,5083.28,5090.47,5082.24,5088.03,1990.0,0
XAUUSD,1m,1769418060000,1769418119999,5088.03,5089.81,5083.66,5086.48,1685.0,0
XAUUSD,1m,1769418120000,1769418179999,5086.48,5090.74,5086.45,5087.06,1633.0,0
XAUUSD,1m,1769418180000,1769418239999,5087.06,5089.1,5085.65,5086.09,869.0,0
XAUUSD,1m,1769418240000,1769418299999,5086.09,5089.18,5085.28,5088.74,760.0,0
XAUUSD,1m,1769418300000,1769418359999,5088.74,5092.9,5088.58,5091.29,764.0,0
XAUUSD,1m,1769418360000,1769418419999,5091.29,5091.29,5089.72,5090.19,505.0,0
XAUUSD,1m,1769418420000,1769418479999,5090.19,5091.21,5089.73,5090.73,345.0,0
XAUUSD,1m,1769418480000,1769418539999,5090.73,5090.76,5089.05,5089.55,440.0,0
XAUUSD,1m,1769418540000,1769418599999,5089.55,5089.65,5088.38,5089.06,593.0,0
XAUUSD,1m,1769418600000,1769418659999,5089.06,5089.98,5087.56,5089.38,694.0,0
XAUUSD,1m,1769418660000,1769418719999,5089.38,5091.46,5088.76,5088.89,478.0,0
XAUUSD,1m,1769418720000,1769418779999,5088.89,5090.16,5087.1,5087.7,948.0,0
XAUUSD,1m,1769418780000,1769418839999,5087.7,5090.75,5087.33,5089.33,694.0,0
XAUUSD,1m,1769418840000,1769418899999,5089.33,5091.36,5088.31,5091.17,472.0,0
XAUUSD,1m,1769418900000,1769418959999,5091.17,5093.12,5091.17,5093.11,685.0,0
XAUUSD,1m,1769418960000,1769419019999,5093.11,5094.06,5091.09,5092.35,682.0,0
XAUUSD,1m,1769419020000,1769419079999,5092.35,5093.65,5091.33,5093.19,805.0,0
XAUUSD,1m,1769419080000,1769419139999,5093.19,5093.8,5091.76,5093.35,677.0,0
XAUUSD,1m,1769419140000,1769419199999,5093.35,5094.29,5092.94,5093.66,838.0,0
XAUUSD,1m,1769419200000,1769419259999,5093.66,5094.3,5091.22,5092.01,1594.0,0
XAUUSD,1m,1769419260000,1769419319999,5092.01,5092.38,5089.92,5090.52,1146.0,0
XAUUSD,1m,1769419320000,1769419379999,5090.52,5091.37,5090.01,5091.06,1124.0,0
XAUUSD,1m,1769419380000,1769419439999,5091.06,5091.54,5088.38,5088.42,779.0,0
XAUUSD,1m,1769419440000,1769419499999,5088.42,5091.23,5088.2,5090.29,852.0,0
XAUUSD,1m,1769419500000,1769419559999,5090.29,5091.69,5090.22,5091.26,614.0,0
XAUUSD,1m,1769419560000,1769419619999,5091.26,5091.61,5090.09,5091.01,989.0,0
XAUUSD,1m,1769419620000,1769419679999,5091.01,5094.18,5090.57,5093.93,898.0,0
XAUUSD,1m,1769419680000,1769419739999,5093.93,5096.72,5093.91,5096.68,962.0,0
XAUUSD,1m,1769419740000,1769419799999,5096.68,5096.84,5095.58,5096.64,676.0,0
XAUUSD,1m,1769419800000,1769419859999,5096.64,5096.8,5095.17,5096.29,614.0,0
XAUUSD,1m,1769419860000,1769419919999,5096.29,5098.29,5096.02,5097.62,656.0,0
XAUUSD,1m,1769419920000,1769419979999,5097.62,5098.33,5096.8,5097.72,962.0,0
XAUUSD,1m,1769419980000,1769420039999,5097.72,5097.95,5097.16,5097.45,523.0,0
XAUUSD,1m,1769420040000,1769420099999,5097.45,5098.12,5096.56,5098.01,551.0,0
XAUUSD,1m,1769420100000,1769420159999,5098.01,5098.06,5097.38,5098.02,465.0,0
XAUUSD,1m,1769420160000,1769420219999,5098.02,5098.2,5096.84,5097.71,688.0,0
XAUUSD,1m,1769420220000,1769420279999,5097.71,5097.75,5096.16,5096.71,511.0,0
XAUUSD,1m,1769420280000,1769420339999,5096.71,5096.74,5095.25,5095.32,566.0,0
XAUUSD,1m,1769420340000,1769420399999,5095.32,5095.32,5093.18,5093.23,603.0,0
XAUUSD,1m,1769420400000,1769420459999,5093.23,5093.38,5088.19,5088.21,1032.0,0
XAUUSD,1m,1769420460000,1769420519999,5088.21,5089.69,5087.38,5087.51,1195.0,0
XAUUSD,1m,1769420520000,1769420579999,5087.51,5090.81,5087.44,5088.91,813.0,0
XAUUSD,1m,1769420580000,1769420639999,5088.91,5090.8,5088.91,5090.2,559.0,0
XAUUSD,1m,1769420640000,1769420699999,5090.2,5091.86,5089.93,5091.46,392.0,0
XAUUSD,1m,1769420700000,1769420759999,5091.46,5091.95,5090.32,5091.19,530.0,0
XAUUSD,1m,1769420760000,1769420819999,5091.19,5093.12,5091.18,5092.59,454.0,0
XAUUSD,1m,1769420820000,1769420879999,5092.59,5092.96,5090.58,5090.76,573.0,0
XAUUSD,1m,1769420880000,1769420939999,5090.76,5091.22,5088.59,5089.35,518.0,0
XAUUSD,1m,1769420940000,1769420999999,5089.35,5089.57,5083.28,5083.8,1539.0,0
XAUUSD,1m,1769421000000,1769421059999,5083.8,5086.13,5081.2,5081.77,1579.0,0
XAUUSD,1m,1769421060000,1769421119999,5081.77,5082.13,5078.8,5078.89,1550.0,0
XAUUSD,1m,1769421120000,1769421179999,5078.89,5083.91,5078.26,5083.09,1542.0,0
XAUUSD,1m,1769421180000,1769421239999,5083.09,5084.9,5080.42,5082.53,1358.0,0
XAUUSD,1m,1769421240000,1769421299999,5082.53,5082.95,5077.31,5079.23,1378.0,0
XAUUSD,1m,1769421300000,1769421359999,5079.23,5080.11,5078.77,5079.32,1013.0,0
XAUUSD,1m,1769421360000,1769421419999,5079.32,5080.02,5075.32,5076.61,1405.0,0
XAUUSD,1m,1769421420000,1769421479999,5076.61,5080.45,5075.51,5079.95,1013.0,0
XAUUSD,1m,1769421480000,1769421539999,5079.95,5082.38,5079.76,5081.07,814.0,0
XAUUSD,1m,1769421540000,1769421599999,5081.07,5084.29,5080.82,5084.03,685.0,0
XAUUSD,1m,1769421600000,1769421659999,5084.03,5085.98,5083.37,5084.43,921.0,0
XAUUSD,1m,1769421660000,1769421719999,5084.43,5084.78,5081.99,5083.49,944.0,0
XAUUSD,1m,1769421720000,1769421779999,5083.49,5083.71,5081.77,5081.89,1093.0,0
XAUUSD,1m,1769421780000,1769421839999,5081.89,5082.08,5080.23,5080.29,948.0,0
XAUUSD,1m,1769421840000,1769421899999,5080.29,5081.57,5078.51,5081.35,1030.0,0
XAUUSD,1m,1769421900000,1769421959999,5081.35,5084.28,5080.38,5083.95,994.0,0
XAUUSD,1m,1769421960000,1769422019999,5083.95,5085.19,5083.95,5084.65,556.0,0
XAUUSD,1m,1769422020000,1769422079999,5084.65,5084.65,5081.54,5081.81,681.0,0
XAUUSD,1m,1769422080000,1769422139999,5081.81,5081.89,5079.21,5080.51,1172.0,0
XAUUSD,1m,1769422140000,1769422199999,5080.51,5082.93,5080.48,5082.85,935.0,0
XAUUSD,1m,1769422200000,1769422259999,5082.85,5085.37,5081.94,5084.95,1213.0,0
XAUUSD,1m,1769422260000,1769422319999,5084.95,5085.07,5083.49,5083.58,625.0,0
XAUUSD,1m,1769422320000,1769422379999,5083.58,5086.45,5083.58,5086.33,1053.0,0
XAUUSD,1m,1769422380000,1769422439999,5086.33,5088.23,5085.58,5088.13,604.0,0
XAUUSD,1m,1769422440000,1769422499999,5088.13,5090.36,5087.5,5089.23,941.0,0
XAUUSD,1m,1769422500000,1769422559999,5089.23,5089.79,5088.28,5089.42,399.0,0
XAUUSD,1m,1769422560000,1769422619999,5089.42,5089.42,5087.62,5088.56,630.0,0
XAUUSD,1m,1769422620000,1769422679999,5088.56,5088.69,5087.18,5088.39,926.0,0
XAUUSD,1m,1769422680000,1769422739999,5088.39,5089.12,5087.76,5087.99,938.0,0
XAUUSD,1m,1769422740000,1769422799999,5087.99,5089.57,5087.39,5089.57,552.0,0
XAUUSD,1m,1769422800000,1769422859999,5089.57,5091.28,5087.4,5091.02,964.0,0
XAUUSD,1m,1769422860000,1769422919999,5091.02,5091.02,5089.34,5089.88,637.0,0
XAUUSD,1m,1769422920000,1769422979999,5089.88,5089.94,5089.29,5089.58,276.0,0
XAUUSD,1m,1769422980000,1769423039999,5089.58,5089.96,5088.72,5088.78,400.0,0
XAUUSD,1m,1769423040000,1769423099999,5088.78,5089.75,5088.58,5088.75,335.0,0
XAUUSD,1m,1769423100000,1769423159999,5088.75,5089.16,5087.95,5088.07,401.0,0
XAUUSD,1m,1769423160000,1769423219999,5088.07,5088.09,5086.4,5087.54,643.0,0
XAUUSD,1m,1769423220000,1769423279999,5087.54,5089.08,5087.42,5088.66,355.0,0
XAUUSD,1m,1769423280000,1769423339999,5088.66,5089.83,5088.45,5088.99,516.0,0
XAUUSD,1m,1769423340000,1769423399999,5088.99,5089.05,5086.27,5087.5,444.0,0
XAUUSD,1m,1769423400000,1769423459999,5087.5,5089.02,5085.91,5088.87,609.0,0
XAUUSD,1m,1769423460000,1769423519999,5088.87,5089.71,5087.46,5088.53,537.0,0
XAUUSD,1m,1769423520000,1769423579999,5088.53,5092.11,5088.44,5090.95,778.0,0
XAUUSD,1m,1769423580000,1769423639999,5090.95,5093.21,5090.84,5092.5,847.0,0
XAUUSD,1m,1769423640000,1769423699999,5092.5,5093.51,5092.15,5092.89,746.0,0
XAUUSD,1m,1769423700000,1769423759999,5092.89,5093.66,5092.34,5092.74,569.0,0
XAUUSD,1m,1769423760000,1769423819999,5092.74,5093.15,5091.52,5091.9,548.0,0
XAUUSD,1m,1769423820000,1769423879999,5091.9,5092.23,5090.37,5091.69,612.0,0
XAUUSD,1m,1769423880000,1769423939999,5091.69,5093.91,5091.25,5092.92,869.0,0
XAUUSD,1m,1769423940000,1769423999999,5092.92,5094.9,5092.85,5094.65,443.0,0
XAUUSD,1m,1769424000000,1769424059999,5094.65,5094.99,5093.56,5094.6,448.0,0
XAUUSD,1m,1769424060000,1769424119999,5094.6,5094.91,5092.72,5092.86,335.0,0
XAUUSD,1m,1769424120000,1769424179999,5092.86,5093.86,5092.64,5093.4,552.0,0
XAUUSD,1m,1769424180000,1769424239999,5093.4,5094.05,5092.63,5093.16,632.0,0
XAUUSD,1m,1769424240000,1769424299999,5093.16,5093.3,5092.07,5092.84,400.0,0
XAUUSD,1m,1769424300000,1769424359999,5092.84,5094.25,5092.84,5093.4,616.0,0
XAUUSD,1m,1769424360000,1769424419999,5093.4,5093.78,5092.0,5092.1,738.0,0
XAUUSD,1m,1769424420000,1769424479999,5092.1,5093.03,5091.94,5092.52,707.0,0
XAUUSD,1m,1769424480000,1769424539999,5092.52,5092.62,5091.02,5091.52,527.0,0
XAUUSD,1m,1769424540000,1769424599999,5091.52,5092.31,5091.33,5092.28,397.0,0
XAUUSD,1m,1769424600000,1769424659999,5092.28,5092.95,5091.91,5091.93,557.0,0
XAUUSD,1m,1769424660000,1769424719999,5091.93,5092.38,5090.3,5091.92,874.0,0
XAUUSD,1m,1769424720000,1769424779999,5091.92,5092.42,5090.29,5090.93,993.0,0
XAUUSD,1m,1769424780000,1769424839999,5090.93,5092.34,5090.47,5092.26,760.0,0
XAUUSD,1m,1769424840000,1769424899999,5092.26,5092.89,5092.16,5092.69,494.0,0
XAUUSD,1m,1769424900000,1769424959999,5092.69,5093.05,5091.41,5091.44,916.0,0
XAUUSD,1m,1769424960000,1769425019999,5091.44,5092.11,5091.13,5091.64,964.0,0
XAUUSD,1m,1769425020000,1769425079999,5091.64,5092.08,5091.4,5091.65,488.0,0
XAUUSD,1m,1769425080000,1769425139999,5091.65,5091.82,5090.8,5091.07,753.0,0
XAUUSD,1m,1769425140000,1769425199999,5091.07,5091.67,5090.57,5091.59,1145.0,0
XAUUSD,1m,1769425200000,1769425259999,5091.59,5091.68,5089.53,5091.06,709.0,0
XAUUSD,1m,1769425260000,1769425319999,5091.06,5091.47,5089.28,5089.81,885.0,0
XAUUSD,1m,1769425320000,1769425379999,5089.81,5089.96,5089.12,5089.62,957.0,0
XAUUSD,1m,1769425380000,1769425439999,5089.62,5091.88,5089.39,5091.62,1545.0,0
XAUUSD,1m,1769425440000,1769425499999,5091.62,5092.75,5091.51,5092.38,630.0,0
XAUUSD,1m,1769425500000,1769425559999,5092.38,5092.51,5091.85,5092.32,587.0,0
XAUUSD,1m,1769425560000,1769425619999,5092.32,5092.52,5090.49,5091.06,741.0,0
XAUUSD,1m,1769425620000,1769425679999,5091.06,5091.31,5090.01,5091.21,502.0,0
XAUUSD,1m,1769425680000,1769425739999,5091.21,5091.87,5090.18,5091.86,718.0,0
XAUUSD,1m,1769425740000,1769425799999,5091.86,5092.07,5090.95,5091.26,680.0,0
XAUUSD,1m,1769425800000,1769425859999,5091.26,5091.33,5089.85,5089.96,615.0,0
XAUUSD,1m,1769425860000,1769425919999,5089.96,5090.0,5088.91,5089.62,1684.0,0
XAUUSD,1m,1769425920000,1769425979999,5089.62,5089.81,5088.43,5088.55,1251.0,0
XAUUSD,1m,1769425980000,1769426039999,5088.55,5088.84,5087.25,5088.44,1113.0,0
XAUUSD,1m,1769426040000,1769426099999,5088.44,5088.52,5087.76,5087.87,722.0,0
XAUUSD,1m,1769426100000,1769426159999,5087.87,5088.25,5085.51,5086.28,731.0,0
XAUUSD,1m,1769426160000,1769426219999,5086.28,5088.45,5086.12,5087.9,756.0,0
XAUUSD,1m,1769426220000,1769426279999,5087.9,5088.25,5085.73,5085.91,1002.0,0
XAUUSD,1m,1769426280000,1769426339999,5085.91,5086.16,5080.31,5080.84,2079.0,0
XAUUSD,1m,1769426340000,1769426399999,5080.84,5081.82,5078.37,5081.4,2435.0,0
XAUUSD,1m,1769426400000,1769426459999,5081.4,5081.41,5078.92,5079.22,1109.0,0
XAUUSD,1m,1769426460000,1769426519999,5079.22,5081.42,5079.03,5080.53,1141.0,0
XAUUSD,1m,1769426520000,1769426579999,5080.53,5083.45,5079.71,5082.98,1085.0,0
XAUUSD,1m,1769426580000,1769426639999,5082.98,5083.16,5082.16,5082.94,405.0,0
XAUUSD,1m,1769426640000,1769426699999,5082.94,5085.03,5082.94,5084.52,972.0,0
XAUUSD,1m,1769426700000,1769426759999,5084.52,5084.9,5083.35,5084.76,689.0,0
XAUUSD,1m,1769426760000,1769426819999,5084.76,5085.08,5083.26,5084.1,887.0,0
XAUUSD,1m,1769426820000,1769426879999,5084.1,5085.23,5082.37,5085.12,1222.0,0
XAUUSD,1m,1769426880000,1769426939999,5085.12,5087.17,5084.8,5087.12,1112.0,0
XAUUSD,1m,1769426940000,1769426999999,5087.12,5087.49,5085.98,5087.22,647.0,0
XAUUSD,1m,1769427000000,1769427059999,5087.22,5087.58,5086.27,5086.59,731.0,0
XAUUSD,1m,1769427060000,1769427119999,5086.59,5086.92,5085.4,5086.15,748.0,0
XAUUSD,1m,1769427120000,1769427179999,5086.15,5086.17,5083.69,5083.98,1059.0,0
XAUUSD,1m,1769427180000,1769427239999,5083.98,5085.3,5083.88,5085.16,390.0,0
XAUUSD,1m,1769427240000,1769427299999,5085.16,5085.3,5083.64,5084.91,567.0,0
XAUUSD,1m,1769427300000,1769427359999,5084.91,5086.97,5084.63,5086.57,912.0,0
XAUUSD,1m,1769427360000,1769427419999,5086.57,5087.9,5086.54,5087.86,716.0,0
XAUUSD,1m,1769427420000,1769427479999,5087.86,5090.04,5087.86,5089.83,1237.0,0
XAUUSD,1m,1769427480000,1769427539999,5089.83,5090.77,5089.47,5090.71,724.0,0
XAUUSD,1m,1769427540000,1769427599999,5090.71,5091.94,5090.15,5091.92,869.0,0
XAUUSD,1m,1769427600000,1769427659999,5091.92,5092.29,5091.55,5091.64,888.0,0
XAUUSD,1m,1769427660000,1769427719999,5091.64,5092.18,5091.09,5091.11,869.0,0
XAUUSD,1m,1769427720000,1769427779999,5091.11,5092.35,5091.01,5092.25,794.0,0
XAUUSD,1m,1769427780000,1769427839999,5092.25,5092.36,5091.07,5091.3,1030.0,0
XAUUSD,1m,1769427840000,1769427899999,5091.3,5091.48,5089.32,5089.92,599.0,0
XAUUSD,1m,1769427900000,1769427959999,5089.92,5090.06,5088.28,5088.46,1064.0,0
XAUUSD,1m,1769427960000,1769428019999,5088.46,5088.57,5087.27,5087.71,1224.0,0
XAUUSD,1m,1769428020000,1769428079999,5087.71,5089.65,5087.22,5089.58,1243.0,0
XAUUSD,1m,1769428080000,1769428139999,5089.58,5090.54,5089.35,5089.82,1028.0,0
XAUUSD,1m,1769428140000,1769428199999,5089.82,5090.8,5089.59,5090.67,576.0,0
XAUUSD,1m,1769428200000,1769428259999,5090.67,5091.27,5090.35,5091.25,894.0,0
XAUUSD,1m,1769428260000,1769428319999,5091.25,5092.51,5090.44,5091.87,941.0,0
XAUUSD,1m,1769428320000,1769428379999,5091.87,5092.27,5091.56,5092.16,327.0,0
XAUUSD,1m,1769428380000,1769428439999,5092.16,5092.31,5091.13,5091.35,374.0,0
XAUUSD,1m,1769428440000,1769428499999,5091.35,5091.86,5090.66,5091.49,556.0,0
XAUUSD,1m,1769428500000,1769428559999,5091.49,5092.01,5091.17,5092.0,536.0,0
XAUUSD,1m,1769428560000,1769428619999,5092.0,5092.29,5091.01,5091.17,603.0,0
XAUUSD,1m,1769428620000,1769428679999,5091.17,5091.17,5089.78,5090.1,385.0,0
XAUUSD,1m,1769428680000,1769428739999,5090.1,5091.34,5090.1,5091.12,424.0,0
XAUUSD,1m,1769428740000,1769428799999,5091.12,5091.55,5090.86,5091.4,580.0,0
XAUUSD,1m,1769428800000,1769428859999,5091.4,5091.4,5088.18,5088.31,929.0,0
XAUUSD,1m,1769428860000,1769428919999,5088.31,5092.13,5087.04,5092.01,1373.0,0
XAUUSD,1m,1769428920000,1769428979999,5092.01,5093.42,5091.82,5092.61,898.0,0
XAUUSD,1m,1769428980000,1769429039999,5092.61,5092.88,5091.95,5092.5,1138.0,0
XAUUSD,1m,1769429040000,1769429099999,5092.5,5093.49,5092.22,5093.45,899.0,0
XAUUSD,1m,1769429100000,1769429159999,5093.45,5093.71,5092.67,5093.53,556.0,0
XAUUSD,1m,1769429160000,1769429219999,5093.53,5093.55,5091.28,5091.89,734.0,0
XAUUSD,1m,1769429220000,1769429279999,5091.89,5092.74,5091.4,5091.76,451.0,0
XAUUSD,1m,1769429280000,1769429339999,5091.76,5092.05,5090.07,5091.26,794.0,0
XAUUSD,1m,1769429340000,1769429399999,5091.26,5093.3,5090.79,5092.63,1484.0,0
XAUUSD,1m,1769429400000,1769429459999,5092.63,5092.7,5091.37,5091.69,732.0,0
XAUUSD,1m,1769429460000,1769429519999,5091.69,5091.95,5090.63,5091.43,577.0,0
XAUUSD,1m,1769429520000,1769429579999,5091.43,5091.49,5089.29,5090.73,911.0,0
XAUUSD,1m,1769429580000,1769429639999,5090.73,5091.75,5090.13,5090.88,978.0,0
XAUUSD,1m,1769429640000,1769429699999,5090.88,5090.88,5089.75,5090.18,588.0,0
XAUUSD,1m,1769429700000,1769429759999,5090.18,5090.95,5089.89,5090.82,507.0,0
XAUUSD,1m,1769429760000,1769429819999,5090.82,5091.21,5089.93,5090.52,689.0,0
XAUUSD,1m,1769429820000,1769429879999,5090.52,5090.78,5088.69,5089.0,400.0,0
XAUUSD,1m,1769429880000,1769429939999,5089.0,5089.32,5087.31,5087.5,493.0,0
XAUUSD,1m,1769429940000,1769429999999,5087.5,5089.08,5086.08,5088.94,899.0,0
XAUUSD,1m,1769430000000,1769430059999,5088.94,5090.72,5088.5,5090.47,1146.0,0
XAUUSD,1m,1769430060000,1769430119999,5090.47,5092.62,5090.02,5092.52,1046.0,0
XAUUSD,1m,1769430120000,1769430179999,5092.52,5095.58,5092.48,5095.35,1374.0,0
XAUUSD,1m,1769430180000,1769430239999,5095.35,5096.48,5094.72,5095.3,1382.0,0
XAUUSD,1m,1769430240000,1769430299999,5095.3,5096.87,5093.52,5096.6,1444.0,0
XAUUSD,1m,1769430300000,1769430359999,5096.6,5096.72,5094.34,5094.53,1024.0,0
XAUUSD,1m,1769430360000,1769430419999,5094.53,5094.77,5090.63,5090.84,1348.0,0
XAUUSD,1m,1769430420000,1769430479999,5090.84,5091.15,5089.59,5090.48,720.0,0
XAUUSD,1m,1769430480000,1769430539999,5090.48,5090.55,5088.84,5089.59,718.0,0
XAUUSD,1m,1769430540000,1769430599999,5089.59,5090.03,5088.79,5089.97,547.0,0
XAUUSD,1m,1769430600000,1769430659999,5089.97,5090.0,5088.29,5088.55,687.0,0
XAUUSD,1m,1769430660000,1769430719999,5088.55,5088.65,5084.82,5086.81,981.0,0
XAUUSD,1m,1769430720000,1769430779999,5086.81,5086.83,5084.63,5084.75,624.0,0
XAUUSD,1m,1769430780000,1769430839999,5084.75,5086.93,5084.35,5086.82,662.0,0
XAUUSD,1m,1769430840000,1769430899999,5086.82,5087.06,5086.28,5086.72,435.0,0
XAUUSD,1m,1769430900000,1769430959999,5086.72,5086.96,5085.32,5086.79,440.0,0
XAUUSD,1m,1769430960000,1769431019999,5086.79,5088.84,5086.65,5088.65,704.0,0
XAUUSD,1m,1769431020000,1769431079999,5088.65,5089.79,5087.65,5087.97,418.0,0
XAUUSD,1m,1769431080000,1769431139999,5087.97,5088.27,5086.94,5087.04,348.0,0
XAUUSD,1m,1769431140000,1769431199999,5087.04,5088.03,5085.16,5085.41,599.0,0
XAUUSD,1m,1769431200000,1769431259999,5085.41,5086.1,5085.09,5086.04,763.0,0
XAUUSD,1m,1769431260000,1769431319999,5086.04,5087.61,5084.57,5085.02,951.0,0
XAUUSD,1m,1769431320000,1769431379999,5085.02,5085.02,5079.78,5080.53,1180.0,0
XAUUSD,1m,1769431380000,1769431439999,5080.53,5083.79,5079.29,5082.95,1269.0,0
XAUUSD,1m,1769431440000,1769431499999,5082.95,5085.15,5082.58,5083.45,936.0,0
XAUUSD,1m,1769431500000,1769431559999,5083.45,5084.92,5082.76,5083.02,836.0,0
XAUUSD,1m,1769431560000,1769431619999,5083.02,5084.95,5082.56,5084.51,951.0,0
XAUUSD,1m,1769431620000,1769431679999,5084.51,5085.42,5083.7,5083.82,952.0,0
XAUUSD,1m,1769431680000,1769431739999,5083.82,5084.2,5082.79,5083.48,921.0,0
XAUUSD,1m,1769431740000,1769431799999,5083.48,5084.13,5082.73,5083.65,942.0,0
XAUUSD,1m,1769431800000,1769431859999,5083.65,5085.36,5083.22,5084.27,969.0,0
XAUUSD,1m,1769431860000,1769431919999,5084.27,5085.46,5083.58,5084.53,1112.0,0
XAUUSD,1m,1769431920000,1769431979999,5084.53,5084.71,5081.78,5083.13,1253.0,0
XAUUSD,1m,1769431980000,1769432039999,5083.13,5084.48,5082.78,5084.46,1042.0,0
XAUUSD,1m,1769432040000,1769432099999,5084.46,5085.56,5083.48,5084.49,885.0,0
XAUUSD,1m,1769432100000,1769432159999,5084.49,5085.8,5083.83,5084.24,1056.0,0
XAUUSD,1m,1769432160000,1769432219999,5084.24,5084.55,5077.04,5078.22,1615.0,0
XAUUSD,1m,1769432220000,1769432279999,5078.22,5080.88,5078.21,5080.14,1421.0,0
XAUUSD,1m,1769432280000,1769432339999,5080.14,5082.01,5078.97,5081.96,1210.0,0
XAUUSD,1m,1769432340000,1769432399999,5081.96,5081.96,5077.0,5078.84,2282.0,0
XAUUSD,1m,1769432400000,1769432459999,5078.84,5079.9,5075.11,5078.02,2442.0,0
XAUUSD,1m,1769432460000,1769432519999,5078.02,5080.64,5076.47,5078.14,1794.0,0
XAUUSD,1m,1769432520000,1769432579999,5078.14,5079.47,5066.77,5067.02,2493.0,0
XAUUSD,1m,1769432580000,1769432639999,5067.02,5070.22,5065.99,5069.26,1868.0,0
XAUUSD,1m,1769432640000,1769432699999,5069.26,5074.47,5068.07,5074.37,1894.0,0
XAUUSD,1m,1769432700000,1769432759999,5074.37,5076.56,5071.06,5075.03,2312.0,0
XAUUSD,1m,1769432760000,1769432819999,5075.03,5075.52,5071.05,5071.81,1910.0,0
XAUUSD,1m,1769432820000,1769432879999,5071.81,5075.07,5071.67,5074.99,1579.0,0
XAUUSD,1m,1769432880000,1769432939999,5074.99,5076.24,5072.07,5075.88,1445.0,0
XAUUSD,1m,1769432940000,1769432999999,5075.88,5077.99,5075.75,5077.08,924.0,0
XAUUSD,1m,1769433000000,1769433059999,5077.08,5081.21,5077.08,5080.89,1114.0,0
XAUUSD,1m,1769433060000,1769433119999,5080.89,5081.65,5079.57,5081.33,1054.0,0
XAUUSD,1m,1769433120000,1769433179999,5081.33,5082.18,5079.99,5080.04,1014.0,0
XAUUSD,1m,1769433180000,1769433239999,5080.04,5080.79,5078.9,5079.56,1111.0,0
XAUUSD,1m,1769433240000,1769433299999,5079.56,5081.1,5078.53,5080.04,1063.0,0
XAUUSD,1m,1769433300000,1769433359999,5080.04,5083.12,5080.04,5082.7,814.0,0
XAUUSD,1m,1769433360000,1769433419999,5082.7,5082.7,5079.83,5080.9,821.0,0
XAUUSD,1m,1769433420000,1769433479999,5080.9,5081.03,5078.28,5078.54,957.0,0
XAUUSD,1m,1769433480000,1769433539999,5078.54,5080.43,5078.17,5079.1,1143.0,0
XAUUSD,1m,1769433540000,1769433599999,5079.1,5079.1,5074.88,5076.48,1435.0,0
XAUUSD,1m,1769433600000,1769433659999,5076.48,5076.48,5071.84,5072.98,1514.0,0
XAUUSD,1m,1769433660000,1769433719999,5072.98,5074.75,5069.95,5070.41,1655.0,0
XAUUSD,1m,1769433720000,1769433779999,5070.41,5074.49,5070.23,5073.28,1217.0,0
XAUUSD,1m,1769433780000,1769433839999,5073.28,5073.29,5069.5,5070.16,1680.0,0
XAUUSD,1m,1769433840000,1769433899999,5070.16,5070.6,5067.99,5069.52,2236.0,0
XAUUSD,1m,1769433900000,1769433959999,5069.52,5070.64,5066.76,5069.64,2061.0,0
XAUUSD,1m,1769433960000,1769434019999,5069.64,5072.71,5068.91,5072.44,1373.0,0
XAUUSD,1m,1769434020000,1769434079999,5072.44,5074.32,5071.47,5074.2,963.0,0
XAUUSD,1m,1769434080000,1769434139999,5074.2,5075.8,5072.93,5073.95,519.0,0
XAUUSD,1m,1769434140000,1769434199999,5073.95,5074.69,5071.04,5071.87,1170.0,0
XAUUSD,1m,1769434200000,1769434259999,5071.87,5072.69,5059.58,5062.32,1368.0,0
XAUUSD,1m,1769434260000,1769434319999,5062.32,5064.94,5060.42,5062.63,1825.0,0
XAUUSD,1m,1769434320000,1769434379999,5062.63,5062.75,5054.88,5055.62,2062.0,0
XAUUSD,1m,1769434380000,1769434439999,5055.62,5061.27,5054.47,5057.38,1817.0,0
XAUUSD,1m,1769434440000,1769434499999,5057.38,5063.35,5056.52,5063.26,1637.0,0
XAUUSD,1m,1769434500000,1769434559999,5063.26,5065.27,5060.43,5060.77,1430.0,0
XAUUSD,1m,1769434560000,1769434619999,5060.77,5063.58,5059.82,5062.99,1525.0,0
XAUUSD,1m,1769434620000,1769434679999,5062.99,5064.45,5062.1,5063.27,960.0,0
XAUUSD,1m,1769434680000,1769434739999,5063.27,5065.59,5062.96,5063.33,1163.0,0
XAUUSD,1m,1769434740000,1769434799999,5063.33,5065.18,5062.81,5064.59,1223.0,0
XAUUSD,1m,1769434800000,1769434859999,5064.59,5067.57,5064.52,5066.78,1352.0,0
XAUUSD,1m,1769434860000,1769434919999,5066.78,5069.3,5065.11,5068.59,1407.0,0
XAUUSD,1m,1769434920000,1769434979999,5068.59,5072.4,5068.07,5071.18,1108.0,0
XAUUSD,1m,1769434980000,1769435039999,5071.18,5072.16,5070.18,5071.25,932.0,0
XAUUSD,1m,1769435040000,1769435099999,5071.25,5071.46,5069.81,5071.07,936.0,0
XAUUSD,1m,1769435100000,1769435159999,5071.07,5071.93,5069.31,5070.93,1522.0,0
XAUUSD,1m,1769435160000,1769435219999,5070.93,5070.97,5068.65,5070.61,1310.0,0
XAUUSD,1m,1769435220000,1769435279999,5070.61,5070.84,5066.83,5070.75,1476.0,0
XAUUSD,1m,1769435280000,1769435339999,5070.75,5073.34,5069.93,5071.97,1289.0,0
XAUUSD,1m,1769435340000,1769435399999,5071.97,5073.59,5071.38,5072.25,1386.0,0
XAUUSD,1m,1769435400000,1769435459999,5072.25,5074.17,5070.19,5070.34,1816.0,0
XAUUSD,1m,1769435460000,1769435519999,5070.34,5073.01,5068.16,5071.78,1629.0,0
XAUUSD,1m,1769435520000,1769435579999,5071.78,5076.06,5071.2,5074.16,1585.0,0
XAUUSD,1m,1769435580000,1769435639999,5074.16,5074.8,5071.99,5072.86,1407.0,0
XAUUSD,1m,1769435640000,1769435699999,5072.86,5075.23,5070.47,5074.21,1435.0,0
XAUUSD,1m,1769435700000,1769435759999,5074.21,5074.21,5070.33,5071.35,2335.0,0
XAUUSD,1m,1769435760000,1769435819999,5071.35,5071.46,5068.69,5069.34,1640.0,0
XAUUSD,1m,1769435820000,1769435879999,5069.34,5070.41,5067.07,5067.87,1862.0,0
XAUUSD,1m,1769435880000,1769435939999,5067.87,5070.71,5067.04,5069.54,1895.0,0
XAUUSD,1m,1769435940000,1769435999999,5069.54,5070.48,5067.41,5068.6,1897.0,0
XAUUSD,1m,1769436000000,1769436059999,5068.6,5070.21,5061.92,5062.7,2200.0,0
XAUUSD,1m,1769436060000,1769436119999,5062.7,5062.7,5058.81,5059.28,2280.0,0
XAUUSD,1m,1769436120000,1769436179999,5059.28,5061.26,5058.32,5060.83,2222.0,0
XAUUSD,1m,1769436180000,1769436239999,5060.83,5065.6,5060.82,5064.45,1942.0,0
XAUUSD,1m,1769436240000,1769436299999,5064.45,5066.11,5061.99,5065.15,1536.0,0
XAUUSD,1m,1769436300000,1769436359999,5065.15,5068.78,5064.96,5068.65,1862.0,0
XAUUSD,1m,1769436360000,1769436419999,5068.65,5069.45,5067.34,5068.13,1716.0,0
XAUUSD,1m,1769436420000,1769436479999,5068.13,5069.74,5067.95,5068.1,1679.0,0
XAUUSD,1m,1769436480000,1769436539999,5068.1,5069.2,5067.38,5067.98,1184.0,0
XAUUSD,1m,1769436540000,1769436599999,5067.98,5069.53,5067.85,5068.35,1040.0,0
XAUUSD,1m,1769436600000,1769436659999,5068.35,5070.78,5068.06,5070.36,1230.0,0
XAUUSD,1m,1769436660000,1769436719999,5070.36,5071.26,5069.87,5070.84,1311.0,0
XAUUSD,1m,1769436720000,1769436779999,5070.84,5072.34,5069.87,5072.09,1134.0,0
XAUUSD,1m,1769436780000,1769436839999,5072.09,5072.23,5070.86,5072.03,732.0,0
XAUUSD,1m,1769436840000,1769436899999,5072.03,5073.12,5070.5,5071.24,1506.0,0
XAUUSD,1m,1769436900000,1769436959999,5071.24,5072.07,5070.97,5071.67,937.0,0
XAUUSD,1m,1769436960000,1769437019999,5071.67,5071.67,5063.59,5067.73,1660.0,0
XAUUSD,1m,1769437020000,1769437079999,5067.73,5070.82,5067.57,5068.83,1046.0,0
XAUUSD,1m,1769437080000,1769437139999,5068.83,5070.91,5067.56,5070.61,748.0,0
XAUUSD,1m,1769437140000,1769437199999,5070.61,5071.84,5069.78,5071.78,1072.0,0
XAUUSD,1m,1769437200000,1769437259999,5071.78,5073.42,5071.11,5073.2,866.0,0
XAUUSD,1m,1769437260000,1769437319999,5073.2,5076.45,5073.05,5075.28,1524.0,0
XAUUSD,1m,1769437320000,1769437379999,5075.28,5076.76,5074.71,5076.71,1191.0,0
XAUUSD,1m,1769437380000,1769437439999,5076.71,5078.08,5076.23,5076.81,1327.0,0
XAUUSD,1m,1769437440000,1769437499999,5076.81,5078.9,5076.75,5077.67,1125.0,0
XAUUSD,1m,1769437500000,1769437559999,5077.67,5077.67,5075.44,5076.38,1445.0,0
XAUUSD,1m,1769437560000,1769437619999,5076.38,5078.54,5074.01,5078.51,1562.0,0
XAUUSD,1m,1769437620000,1769437679999,5078.51,5082.6,5076.48,5082.25,1534.0,0
XAUUSD,1m,1769437680000,1769437739999,5082.25,5082.62,5080.02,5080.11,1426.0,0
XAUUSD,1m,1769437740000,1769437799999,5080.11,5081.52,5077.42,5078.33,1349.0,0
XAUUSD,1m,1769437800000,1769437859999,5078.33,5081.16,5076.4,5080.05,3184.0,0
XAUUSD,1m,1769437860000,1769437919999,5080.05,5080.67,5074.77,5080.12,3092.0,0
XAUUSD,1m,1769437920000,1769437979999,5080.12,5083.52,5078.06,5078.22,2980.0,0
XAUUSD,1m,1769437980000,1769438039999,5078.22,5082.59,5077.62,5082.43,2584.0,0
XAUUSD,1m,1769438040000,1769438099999,5082.43,5085.5,5082.03,5085.09,1875.0,0
XAUUSD,1m,1769438100000,1769438159999,5085.09,5085.12,5081.38,5081.38,2012.0,0
XAUUSD,1m,1769438160000,1769438219999,5081.38,5085.31,5081.34,5083.53,1580.0,0
XAUUSD,1m,1769438220000,1769438279999,5083.53,5090.04,5082.86,5089.83,2011.0,0
XAUUSD,1m,1769438280000,1769438339999,5089.83,5090.6,5088.81,5089.84,1963.0,0
XAUUSD,1m,1769438340000,1769438399999,5089.84,5090.53,5088.15,5089.1,2386.0,0
XAUUSD,1m,1769438400000,1769438459999,5089.1,5090.68,5088.19,5089.2,2545.0,0
XAUUSD,1m,1769438460000,1769438519999,5089.2,5089.36,5081.7,5082.33,1999.0,0
XAUUSD,1m,1769438520000,1769438579999,5082.33,5084.25,5079.56,5081.13,2586.0,0
XAUUSD,1m,1769438580000,1769438639999,5081.13,5083.71,5079.36,5079.93,3174.0,0
XAUUSD,1m,1769438640000,1769438699999,5079.93,5082.59,5079.7,5081.95,2462.0,0
XAUUSD,1m,1769438700000,1769438759999,5081.95,5086.2,5080.59,5085.01,2844.0,0
XAUUSD,1m,1769438760000,1769438819999,5085.01,5089.43,5084.52,5087.4,2595.0,0
XAUUSD,1m,1769438820000,1769438879999,5087.4,5089.53,5085.75,5089.02,2352.0,0
XAUUSD,1m,1769438880000,1769438939999,5089.02,5089.02,5086.66,5087.49,2230.0,0
XAUUSD,1m,1769438940000,1769438999999,5087.49,5089.64,5087.23,5089.56,2177.0,0
XAUUSD,1m,1769439000000,1769439059999,5089.56,5089.68,5084.71,5085.03,1848.0,0
XAUUSD,1m,1769439060000,1769439119999,5085.03,5087.64,5084.56,5087.6,1960.0,0
XAUUSD,1m,1769439120000,1769439179999,5087.6,5093.85,5086.56,5093.72,2352.0,0
XAUUSD,1m,1769439180000,1769439239999,5093.72,5095.34,5092.92,5093.08,1838.0,0
XAUUSD,1m,1769439240000,1769439299999,5093.08,5093.08,5090.8,5091.98,1629.0,0
XAUUSD,1m,1769439300000,1769439359999,5091.98,5094.19,5090.51,5090.85,1531.0,0
XAUUSD,1m,1769439360000,1769439419999,5090.85,5094.69,5090.64,5094.36,1444.0,0
XAUUSD,1m,1769439420000,1769439479999,5094.36,5096.48,5093.42,5095.03,1535.0,0
XAUUSD,1m,1769439480000,1769439539999,5095.03,5096.89,5094.39,5096.16,1239.0,0
XAUUSD,1m,1769439540000,1769439599999,5096.16,5096.67,5094.96,5096.17,1379.0,0
XAUUSD,1m,1769439600000,1769439659999,5096.17,5096.86,5091.48,5092.1,2082.0,0
XAUUSD,1m,1769439660000,1769439719999,5092.1,5092.24,5085.45,5088.57,2528.0,0
XAUUSD,1m,1769439720000,1769439779999,5088.57,5090.37,5088.12,5088.99,2049.0,0
XAUUSD,1m,1769439780000,1769439839999,5088.99,5091.22,5088.88,5089.45,1617.0,0
XAUUSD,1m,1769439840000,1769439899999,5089.45,5093.34,5089.13,5092.05,1767.0,0
XAUUSD,1m,1769439900000,1769439959999,5092.05,5093.05,5089.59,5091.6,2009.0,0
XAUUSD,1m,1769439960000,1769440019999,5091.6,5093.18,5090.28,5091.71,2254.0,0
XAUUSD,1m,1769440020000,1769440079999,5091.71,5092.24,5090.2,5091.46,1636.0,0
XAUUSD,1m,1769440080000,1769440139999,5091.46,5094.25,5091.01,5092.8,1885.0,0
XAUUSD,1m,1769440140000,1769440199999,5092.8,5093.03,5089.88,5091.22,1730.0,0
XAUUSD,1m,1769440200000,1769440259999,5091.22,5092.76,5089.41,5090.86,1635.0,0
XAUUSD,1m,1769440260000,1769440319999,5090.86,5094.36,5090.4,5093.91,1736.0,0
XAUUSD,1m,1769440320000,1769440379999,5093.91,5096.63,5093.91,5095.4,1839.0,0
XAUUSD,1m,1769440380000,1769440439999,5095.4,5097.21,5094.15,5094.15,1986.0,0
XAUUSD,1m,1769440440000,1769440499999,5094.15,5095.66,5093.48,5095.35,1784.0,0
XAUUSD,1m,1769440500000,1769440559999,5095.35,5096.77,5093.01,5093.18,2097.0,0
XAUUSD,1m,1769440560000,1769440619999,5093.18,5094.03,5089.27,5089.56,2425.0,0
XAUUSD,1m,1769440620000,1769440679999,5089.56,5092.58,5089.08,5091.73,1635.0,0
XAUUSD,1m,1769440680000,1769440739999,5091.73,5092.09,5089.88,5090.35,1278.0,0
XAUUSD,1m,1769440740000,1769440799999,5090.35,5092.04,5089.0,5089.18,1626.0,0
XAUUSD,1m,1769440800000,1769440859999,5089.18,5089.79,5084.14,5085.44,1445.0,0
XAUUSD,1m,1769440860000,1769440919999,5085.44,5089.22,5085.39,5088.94,1363.0,0
XAUUSD,1m,1769440920000,1769440979999,5088.94,5093.69,5087.76,5093.08,1590.0,0
XAUUSD,1m,1769440980000,1769441039999,5093.08,5094.4,5091.03,5092.61,2030.0,0
XAUUSD,1m,1769441040000,1769441099999,5092.61,5092.7,5089.03,5090.44,1958.0,0
XAUUSD,1m,1769441100000,1769441159999,5090.44,5090.87,5087.49,5088.18,1917.0,0
XAUUSD,1m,1769441160000,1769441219999,5088.18,5091.43,5087.48,5090.56,1581.0,0
XAUUSD,1m,1769441220000,1769441279999,5090.56,5090.81,5086.52,5086.71,1814.0,0
XAUUSD,1m,1769441280000,1769441339999,5086.71,5088.91,5085.78,5088.48,2216.0,0
XAUUSD,1m,1769441340000,1769441399999,5088.48,5090.7,5088.18,5090.17,1629.0,0
XAUUSD,1m,1769441400000,1769441459999,5090.17,5092.52,5089.73,5090.95,1214.0,0
XAUUSD,1m,1769441460000,1769441519999,5090.95,5092.31,5089.2,5089.93,1849.0,0
XAUUSD,1m,1769441520000,1769441579999,5089.93,5090.08,5086.16,5088.34,2395.0,0
XAUUSD,1m,1769441580000,1769441639999,5088.34,5089.55,5083.95,5084.01,2412.0,0
XAUUSD,1m,1769441640000,1769441699999,5084.01,5084.2,5077.22,5077.7,3347.0,0
XAUUSD,1m,1769441700000,1769441759999,5077.7,5081.95,5074.9,5081.39,3286.0,0
XAUUSD,1m,1769441760000,1769441819999,5081.39,5086.26,5081.38,5083.95,1806.0,0
XAUUSD,1m,1769441820000,1769441879999,5083.95,5088.84,5083.94,5085.39,2581.0,0
XAUUSD,1m,1769441880000,1769441939999,5085.39,5086.75,5080.99,5084.02,2094.0,0
XAUUSD,1m,1769441940000,1769441999999,5084.02,5084.26,5078.75,5080.54,1891.0,0
XAUUSD,1m,1769442000000,1769442059999,5080.54,5083.05,5078.86,5081.34,1869.0,0
XAUUSD,1m,1769442060000,1769442119999,5081.34,5081.94,5073.94,5074.37,2342.0,0
XAUUSD,1m,1769442120000,1769442179999,5074.37,5079.4,5074.02,5079.4,2505.0,0
XAUUSD,1m,1769442180000,1769442239999,5079.4,5081.18,5077.34,5079.66,2065.0,0
XAUUSD,1m,1769442240000,1769442299999,5079.66,5080.5,5077.61,5078.3,1703.0,0
XAUUSD,1m,1769442300000,1769442359999,5078.3,5080.92,5077.75,5079.93,2629.0,0
XAUUSD,1m,1769442360000,1769442419999,5079.93,5084.83,5078.88,5084.01,2023.0,0
XAUUSD,1m,1769442420000,1769442479999,5084.01,5084.85,5082.67,5083.22,1845.0,0
XAUUSD,1m,1769442480000,1769442539999,5083.22,5086.94,5082.34,5084.73,1572.0,0
XAUUSD,1m,1769442540000,1769442599999,5084.73,5086.81,5084.42,5085.44,1152.0,0
XAUUSD,1m,1769442600000,1769442659999,5085.44,5087.57,5085.14,5085.47,1297.0,0
XAUUSD,1m,1769442660000,1769442719999,5085.47,5086.31,5083.42,5083.98,1631.0,0
XAUUSD,1m,1769442720000,1769442779999,5083.98,5087.96,5083.79,5087.47,1344.0,0
XAUUSD,1m,1769442780000,1769442839999,5087.47,5090.3,5087.46,5088.89,1231.0,0
XAUUSD,1m,1769442840000,1769442899999,5088.89,5089.31,5087.15,5089.24,1370.0,0
XAUUSD,1m,1769442900000,1769442959999,5089.24,5094.48,5089.24,5094.39,1505.0,0
XAUUSD,1m,1769442960000,1769443019999,5094.39,5094.55,5092.51,5093.45,1080.0,0
XAUUSD,1m,1769443020000,1769443079999,5093.45,5095.17,5091.16,5092.32,1492.0,0
XAUUSD,1m,1769443080000,1769443139999,5092.32,5093.8,5090.73,5093.14,1475.0,0
XAUUSD,1m,1769443140000,1769443199999,5093.14,5093.16,5090.79,5090.79,1103.0,0
XAUUSD,1m,1769443200000,1769443259999,5090.79,5092.71,5089.41,5092.4,1666.0,0
XAUUSD,1m,1769443260000,1769443319999,5092.4,5092.99,5090.71,5091.72,1551.0,0
XAUUSD,1m,1769443320000,1769443379999,5091.72,5096.13,5091.6,5094.9,1499.0,0
XAUUSD,1m,1769443380000,1769443439999,5094.9,5100.04,5094.57,5099.73,1875.0,0
XAUUSD,1m,1769443440000,1769443499999,5099.73,5102.88,5099.24,5100.38,1564.0,0
XAUUSD,1m,1769443500000,1769443559999,5100.38,5103.84,5100.38,5103.04,1764.0,0
XAUUSD,1m,1769443560000,1769443619999,5103.04,5105.03,5100.72,5101.34,2616.0,0
XAUUSD,1m,1769443620000,1769443679999,5101.34,5103.14,5101.16,5101.35,1650.0,0
XAUUSD,1m,1769443680000,1769443739999,5101.35,5102.14,5099.13,5099.78,1757.0,0
XAUUSD,1m,1769443740000,1769443799999,5099.78,5101.78,5099.72,5100.31,1685.0,0
XAUUSD,1m,1769443800000,1769443859999,5100.31,5100.95,5097.71,5098.53,1661.0,0
XAUUSD,1m,1769443860000,1769443919999,5098.53,5099.54,5096.11,5098.08,2027.0,0
XAUUSD,1m,1769443920000,1769443979999,5098.08,5099.89,5096.46,5099.65,1353.0,0
XAUUSD,1m,1769443980000,1769444039999,5099.65,5102.31,5099.47,5101.87,1463.0,0
XAUUSD,1m,1769444040000,1769444099999,5101.87,5102.36,5100.58,5101.56,1242.0,0
XAUUSD,1m,1769444100000,1769444159999,5101.56,5101.56,5100.36,5100.51,864.0,0
XAUUSD,1m,1769444160000,1769444219999,5100.51,5104.05,5100.51,5100.89,1547.0,0
XAUUSD,1m,1769444220000,1769444279999,5100.89,5101.02,5097.42,5097.7,1474.0,0
XAUUSD,1m,1769444280000,1769444339999,5097.7,5101.22,5097.6,5099.44,1322.0,0
XAUUSD,1m,1769444340000,1769444399999,5099.44,5099.69,5095.24,5097.13,1424.0,0
XAUUSD,1m,1769444400000,1769444459999,5097.13,5099.06,5092.99,5094.0,1517.0,0
XAUUSD,1m,1769444460000,1769444519999,5094.0,5094.34,5089.84,5092.85,1613.0,0
XAUUSD,1m,1769444520000,1769444579999,5092.85,5096.99,5092.5,5096.53,1190.0,0
XAUUSD,1m,1769444580000,1769444639999,5096.53,5096.53,5094.56,5095.35,1208.0,0
XAUUSD,1m,1769444640000,1769444699999,5095.35,5096.05,5092.04,5093.91,1279.0,0
XAUUSD,1m,1769444700000,1769444759999,5093.91,5096.93,5093.68,5095.34,1508.0,0
XAUUSD,1m,1769444760000,1769444819999,5095.34,5096.91,5090.99,5091.13,1120.0,0
XAUUSD,1m,1769444820000,1769444879999,5091.13,5092.97,5083.87,5083.89,1788.0,0
XAUUSD,1m,1769444880000,1769444939999,5083.89,5086.85,5073.61,5075.25,3385.0,0
XAUUSD,1m,1769444940000,1769444999999,5075.25,5077.16,5070.24,5075.57,4267.0,0
XAUUSD,1m,1769445000000,1769445059999,5075.57,5081.47,5072.74,5078.95,3817.0,0
XAUUSD,1m,1769445060000,1769445119999,5078.95,5079.88,5073.65,5075.68,3660.0,0
XAUUSD,1m,1769445120000,1769445179999,5075.68,5076.11,5069.57,5074.25,3840.0,0
XAUUSD,1m,1769445180000,1769445239999,5074.25,5079.33,5073.9,5079.03,2964.0,0
XAUUSD,1m,1769445240000,1769445299999,5079.03,5081.04,5075.1,5075.13,2462.0,0
XAUUSD,1m,1769445300000,1769445359999,5075.13,5079.62,5074.54,5077.38,2881.0,0
XAUUSD,1m,1769445360000,1769445419999,5077.38,5077.7,5074.13,5075.38,2011.0,0
XAUUSD,1m,1769445420000,1769445479999,5075.38,5077.97,5075.38,5077.52,2225.0,0
XAUUSD,1m,1769445480000,1769445539999,5077.52,5080.78,5066.26,5066.95,3292.0,0
XAUUSD,1m,1769445540000,1769445599999,5066.95,5069.34,5065.27,5069.06,3814.0,0
XAUUSD,1m,1769445600000,1769445659999,5069.06,5077.64,5068.19,5077.5,3116.0,0
XAUUSD,1m,1769445660000,1769445719999,5077.5,5080.75,5075.75,5080.43,2421.0,0
XAUUSD,1m,1769445720000,1769445779999,5080.43,5083.45,5080.12,5080.2,2573.0,0
XAUUSD,1m,1769445780000,1769445839999,5080.2,5082.54,5079.2,5079.62,1855.0,0
XAUUSD,1m,1769445840000,1769445899999,5079.62,5079.62,5074.6,5077.23,2169.0,0
XAUUSD,1m,1769445900000,1769445959999,5077.23,5081.67,5076.65,5079.12,2057.0,0
XAUUSD,1m,1769445960000,1769446019999,5079.12,5082.12,5079.12,5081.52,2314.0,0
XAUUSD,1m,1769446020000,1769446079999,5081.52,5083.09,5081.16,5082.61,1737.0,0
XAUUSD,1m,1769446080000,1769446139999,5082.61,5085.43,5082.14,5085.43,2110.0,0
XAUUSD,1m,1769446140000,1769446199999,5085.43,5087.99,5082.77,5083.76,2648.0,0
XAUUSD,1m,1769446200000,1769446259999,5083.76,5085.64,5083.13,5084.77,1582.0,0
XAUUSD,1m,1769446260000,1769446319999,5084.77,5086.01,5084.42,5084.79,1602.0,0
XAUUSD,1m,1769446320000,1769446379999,5084.79,5086.52,5083.53,5084.26,1446.0,0
XAUUSD,1m,1769446380000,1769446439999,5084.26,5087.55,5084.01,5087.37,1373.0,0
XAUUSD,1m,1769446440000,1769446499999,5087.37,5088.41,5086.18,5087.1,1389.0,0
XAUUSD,1m,1769446500000,1769446559999,5087.1,5090.71,5086.68,5087.5,1513.0,0
XAUUSD,1m,1769446560000,1769446619999,5087.5,5089.25,5087.46,5087.6,1172.0,0
XAUUSD,1m,1769446620000,1769446679999,5087.6,5090.61,5087.22,5089.84,1555.0,0
XAUUSD,1m,1769446680000,1769446739999,5089.84,5094.31,5089.58,5089.97,2363.0,0
XAUUSD,1m,1769446740000,1769446799999,5089.97,5091.0,5087.71,5089.52,1708.0,0
XAUUSD,1m,1769446800000,1769446859999,5089.52,5091.4,5089.51,5089.93,1439.0,0
XAUUSD,1m,1769446860000,1769446919999,5089.93,5093.0,5088.33,5092.05,1658.0,0
XAUUSD,1m,1769446920000,1769446979999,5092.05,5093.23,5090.18,5092.76,1404.0,0
XAUUSD,1m,1769446980000,1769447039999,5092.76,5094.07,5090.05,5093.73,1505.0,0
XAUUSD,1m,1769447040000,1769447099999,5093.73,5095.11,5092.79,5095.07,1323.0,0
XAUUSD,1m,1769447100000,1769447159999,5095.07,5097.4,5095.07,5097.18,1502.0,0
XAUUSD,1m,1769447160000,1769447219999,5097.18,5097.21,5094.71,5095.45,1286.0,0
XAUUSD,1m,1769447220000,1769447279999,5095.45,5096.49,5092.21,5092.44,1242.0,0
XAUUSD,1m,1769447280000,1769447339999,5092.44,5093.45,5090.29,5091.34,1251.0,0
XAUUSD,1m,1769447340000,1769447399999,5091.34,5094.1,5090.34,5091.53,1482.0,0
XAUUSD,1m,1769447400000,1769447459999,5091.53,5091.54,5088.98,5089.08,1788.0,0
XAUUSD,1m,1769447460000,1769447519999,5089.08,5089.1,5085.42,5086.3,1626.0,0
XAUUSD,1m,1769447520000,1769447579999,5086.3,5092.19,5085.63,5091.88,1479.0,0
XAUUSD,1m,1769447580000,1769447639999,5091.88,5095.2,5091.84,5094.66,1657.0,0
XAUUSD,1m,1769447640000,1769447699999,5094.66,5095.41,5093.7,5094.14,1550.0,0
XAUUSD,1m,1769447700000,1769447759999,5094.14,5095.25,5092.09,5092.36,1355.0,0
XAUUSD,1m,1769447760000,1769447819999,5092.36,5094.5,5091.11,5093.7,1881.0,0
XAUUSD,1m,1769447820000,1769447879999,5093.7,5095.38,5092.34,5093.67,2040.0,0
XAUUSD,1m,1769447880000,1769447939999,5093.67,5094.43,5091.34,5091.82,1602.0,0
XAUUSD,1m,1769447940000,1769447999999,5091.82,5093.25,5091.06,5092.39,2118.0,0
XAUUSD,1m,1769448000000,1769448059999,5092.39,5093.62,5091.33,5092.71,1929.0,0
XAUUSD,1m,1769448060000,1769448119999,5092.71,5092.92,5088.13,5089.26,2350.0,0
XAUUSD,1m,1769448120000,1769448179999,5089.26,5090.42,5087.91,5089.41,1741.0,0
XAUUSD,1m,1769448180000,1769448239999,5089.41,5091.97,5089.14,5089.36,1586.0,0
XAUUSD,1m,1769448240000,1769448299999,5089.36,5089.48,5082.68,5083.68,2093.0,0
XAUUSD,1m,1769641560000,1769641619999,5437.42,5441.76,5435.78,5435.78,34.0,34
XAUUSD,1m,1769641620000,1769641679999,5435.27,5448.48,5435.27,5448.48,108.0,108
XAUUSD,1m,1769641680000,1769641739999,5448.45,5456.94,5447.61,5450.23,110.0,110
XAUUSD,1m,1769641740000,1769641799999,5450.33,5452.39,5445.21,5452.34,107.0,107
XAUUSD,1m,1769641800000,1769641859999,5451.15,5452.200000000001,5448.21,5448.6,66.0,66
XAUUSD,1m,1769641860000,1769641919999,5448.57,5454.379999999999,5448.57,5453.38,98.0,98
XAUUSD,1m,1769641920000,1769641979999,5454.24,5467.07,5454.24,5465.43,109.0,109
XAUUSD,1m,1769641980000,1769642039999,5464.92,5470.13,5462.42,5465.61,110.0,110
XAUUSD,1m,1769642040000,1769642099999,5466.58,5475.33,5465.85,5474.3099999999995,109.0,109
XAUUSD,1m,1769642100000,1769642159999,5474.77,5479.63,5473.79,5478.87,109.0,109
XAUUSD,1m,1769642160000,1769642219999,5480.74,5488.67,5480.74,5487.61,110.0,110
XAUUSD,1m,1769642220000,1769642279999,5480.36,5484.87,5479.12,5483.95,26.0,26
XAUUSD,1m,1769642280000,1769642339999,5483.95,5486.9,5481.0,5486.08,99.0,99
XAUUSD,1m,1769642340000,1769642399999,5485.96,5496.0,5485.96,5492.47,90.0,90
XAUUSD,1m,1769642460000,1769642519999,5473.21,5483.16,5472.28,5481.52,56.0,56
XAUUSD,1m,1769642520000,1769642579999,5480.56,5485.4,5480.52,5483.73,109.0,109
XAUUSD,1m,1769642580000,1769642639999,5483.72,5493.14,5483.69,5490.88,108.0,108
XAUUSD,1m,1769642640000,1769642699999,5490.71,5492.73,5482.51,5484.94,102.0,102
XAUUSD,1m,1769642700000,1769642759999,5484.78,5486.9,5483.84,5486.35,106.0,106
XAUUSD,1m,1769642760000,1769642819999,5486.36,5490.049999999999,5481.73,5484.69,108.0,108
XAUUSD,1m,1769642820000,1769642879999,5483.79,5484.2,5480.92,5484.0,100.0,100
XAUUSD,1m,1769642880000,1769642939999,5483.98,5489.780000000001,5483.95,5489.47,107.0,107
XAUUSD,1m,1769643060000,1769643119999,5494.9,5495.1,5492.28,5494.629999999999,58.0,58
XAUUSD,1m,1769643120000,1769643179999,5494.18,5495.51,5489.530000000001,5492.57,109.0,109
XAUUSD,1m,1769643180000,1769643239999,5493.35,5497.9400000000005,5493.01,5497.879999999999,107.0,107
XAUUSD,1m,1769643240000,1769643299999,5497.79,5501.35,5494.93,5501.35,105.0,105
XAUUSD,1m,1769643300000,1769643359999,5501.99,5512.06,5500.27,5511.200000000001,109.0,109
XAUUSD,1m,1769643360000,1769643419999,5511.200000000001,5523.71,5510.219999999999,5520.52,110.0,110
XAUUSD,1m,1769643420000,1769643479999,5521.18,5545.94,5520.81,5545.75,109.0,109
XAUUSD,1m,1769643480000,1769643539999,5544.93,5576.74,5528.38,5568.47,110.0,110
XAUUSD,1m,1769643540000,1769643599999,5570.43,5595.9,5550.93,5589.98,105.0,105
XAUUSD,1m,1769643600000,1769643659999,5588.33,5591.055,5563.105,5569.629999999999,109.0,109
XAUUSD,1m,1769643660000,1769643719999,5569.32,5578.0,5557.225,5570.82,103.0,103
XAUUSD,1m,1769643720000,1769643779999,5570.3099999999995,5577.530000000001,5550.62,5551.44,110.0,110
XAUUSD,1m,1769643780000,1769643839999,5549.96,5563.17,5549.51,5549.51,96.0,96
XAUUSD,1m,1769643840000,1769643899999,5533.15,5539.575,5526.110000000001,5531.51,42.0,42
XAUUSD,1m,1769643960000,1769644019999,5528.69,5530.9,5511.67,5518.71,81.0,81
XAUUSD,1m,1769644020000,1769644079999,5518.345,5520.04,5504.35,5510.18,98.0,98
XAUUSD,1m,1769644080000,1769644139999,5509.98,5526.21,5509.98,5516.44,105.0,105
XAUUSD,1m,1769644140000,1769644199999,5517.22,5518.26,5494.54,5496.09,108.0,108
XAUUSD,1m,1769644200000,1769644259999,5496.37,5505.82,5496.37,5504.85,105.0,105
XAUUSD,1m,1769644260000,1769644319999,5505.32,5508.66,5495.64,5497.57,111.0,111
XAUUSD,1m,1769644320000,1769644379999,5497.18,5504.025,5495.03,5498.87,108.0,108
XAUUSD,1m,1769644380000,1769644439999,5498.28,5503.59,5496.87,5497.59,104.0,104
XAUUSD,1m,1769644500000,1769644559999,5485.48,5496.37,5484.17,5493.52,91.0,91
XAUUSD,1m,1769644560000,1769644619999,5498.75,5530.219999999999,5498.75,5522.09,106.0,106
XAUUSD,1m,1769644620000,1769644679999,5521.24,5530.3150000000005,5517.844999999999,5524.83,107.0,107
XAUUSD,1m,1769644680000,1769644739999,5525.39,5526.17,5516.39,5524.77,107.0,107
XAUUSD,1m,1769644740000,1769644799999,5524.8,5524.8,5512.49,5513.47,106.0,106
XAUUSD,1m,1769644800000,1769644859999,5514.07,5514.07,5487.06,5487.38,107.0,107
XAUUSD,1m,1769644860000,1769644919999,5487.14,5488.63,5454.33,5461.81,109.0,109
XAUUSD,1m,1769644920000,1769644979999,5461.81,5484.69,5460.21,5484.68,102.0,102
XAUUSD,1m,1769644980000,1769645039999,5485.59,5491.74,5481.69,5491.12,105.0,105
XAUUSD,1m,1769645040000,1769645099999,5486.2,5486.2,5479.81,5484.79,22.0,22
XAUUSD,1m,1769645100000,1769645159999,5484.91,5486.18,5478.67,5483.31,107.0,107
XAUUSD,1m,1769645160000,1769645219999,5483.24,5495.51,5482.35,5495.42,108.0,108
XAUUSD,1m,1769645220000,1769645279999,5495.93,5504.63,5494.27,5503.6900000000005,102.0,102
XAUUSD,1m,1769645280000,1769645339999,5503.77,5509.46,5501.96,5507.26,110.0,110
XAUUSD,1m,1769645340000,1769645399999,5506.65,5507.0,5502.86,5503.77,37.0,37
XAUUSD,1m,1769645400000,1769645459999,5504.17,5508.87,5503.51,5503.52,103.0,103
XAUUSD,1m,1769645460000,1769645519999,5503.549999999999,5509.56,5500.83,5507.65,108.0,108
XAUUSD,1m,1769645520000,1769645579999,5508.74,5511.4,5503.67,5503.78,106.0,106
XAUUSD,1m,1769645640000,1769645699999,5496.09,5496.21,5488.67,5494.9,97.0,97
XAUUSD,1m,1769645760000,1769645819999,5496.39,5496.69,5488.36,5488.36,102.0,102
XAUUSD,1m,1769645820000,1769645879999,5488.28,5488.56,5480.06,5484.41,108.0,108
XAUUSD,1m,1769645880000,1769645939999,5484.24,5487.67,5484.24,5486.98,109.0,109
XAUUSD,1m,1769645940000,1769645999999,5485.43,5490.18,5483.86,5483.98,65.0,65
XAUUSD,1m,1769646000000,1769646059999,5483.47,5486.47,5471.98,5471.98,103.0,103
XAUUSD,1m,1769646060000,1769646119999,5471.58,5474.35,5463.69,5473.02,110.0,110
XAUUSD,1m,1769646120000,1769646179999,5477.68,5481.39,5477.06,5480.69,52.0,52
XAUUSD,1m,1769646180000,1769646239999,5481.28,5481.68,5474.51,5475.74,98.0,98
XAUUSD,1m,1769646300000,1769646359999,5478.36,5487.75,5478.22,5487.51,92.0,92
XAUUSD,1m,1769646480000,1769646539999,5499.66,5501.5,5499.6,5501.5,21.0,21
XAUUSD,1m,1769646540000,1769646599999,5501.73,5501.73,5495.32,5497.6,109.0,109
XAUUSD,1m,1769646600000,1769646659999,5495.96,5496.98,5495.92,5496.98,16.0,16
XAUUSD,1m,1769646660000,1769646719999,5497.1,5502.139999999999,5496.13,5500.87,102.0,102
XAUUSD,1m,1769646720000,1769646779999,5501.29,5508.31,5499.98,5508.31,102.0,102
XAUUSD,1m,1769646780000,1769646839999,5508.5,5519.17,5508.5,5512.8,108.0,108
XAUUSD,1m,1769646840000,1769646899999,5518.37,5521.32,5516.82,5521.32,80.0,80
XAUUSD,1m,1769646900000,1769646959999,5521.21,5527.34,5519.5599999999995,5521.32,109.0,109
XAUUSD,1m,1769646960000,1769647019999,5521.15,5526.97,5517.95,5519.68,109.0,109
XAUUSD,1m,1769647020000,1769647079999,5519.45,5524.08,5515.95,5518.55,108.0,108
XAUUSD,1m,1769647080000,1769647139999,5518.42,5518.64,5512.360000000001,5513.01,109.0,109
XAUUSD,1m,1769647140000,1769647199999,5513.03,5519.79,5511.74,5518.89,106.0,106
XAUUSD,1m,1769647200000,1769647259999,5519.04,5523.46,5517.91,5519.17,108.0,108
XAUUSD,1m,1769647260000,1769647319999,5513.35,5514.6,5508.65,5508.65,69.0,69
XAUUSD,1m,1769647320000,1769647379999,5508.95,5509.25,5493.9,5493.9,106.0,106
XAUUSD,1m,1769647380000,1769647439999,5493.56,5508.66,5493.06,5508.16,105.0,105
XAUUSD,1m,1769647440000,1769647499999,5508.18,5512.18,5504.65,5509.13,102.0,102
XAUUSD,1m,1769697840000,1769697899999,5519.45,5522.34,5516.18,5517.4400000000005,76.0,76
XAUUSD,1m,1769697900000,1769697959999,5517.8,5522.49,5510.0,5511.71,100.0,100
XAUUSD,1m,1769697960000,1769698019999,5512.129999999999,5512.129999999999,5500.219999999999,5503.4400000000005,80.0,80
XAUUSD,1m,1769806500000,1769806559999,4828.14,4832.42,4825.18,4832.42,45.0,45
XAUUSD,1m,1769806560000,1769806619999,4832.71,4833.23,4809.94,4832.56,108.0,108
XAUUSD,1m,1769806620000,1769806679999,4832.5,4843.18,4829.9,4838.0,107.0,107
XAUUSD,1m,1769806680000,1769806739999,4837.54,4838.98,4830.82,4834.65,110.0,110
XAUUSD,1m,1769806740000,1769806799999,4835.28,4853.52,4835.28,4852.55,111.0,111
XAUUSD,1m,1769806800000,1769806859999,4852.29,4852.29,4835.540000000001,4837.4,106.0,106
XAUUSD,1m,1769806860000,1769806919999,4836.94,4848.24,4835.48,4848.24,105.0,105
XAUUSD,1m,1769806920000,1769806979999,4848.39,4859.11,4841.75,4856.34,101.0,101
XAUUSD,1m,1769806980000,1769807039999,4856.26,4863.33,4853.2,4859.79,109.0,109
XAUUSD,1m,1769807040000,1769807099999,4860.03,4863.295,4856.51,4859.5,104.0,104
XAUUSD,1m,1769807100000,1769807159999,4859.5,4860.6,4844.43,4844.9,103.0,103
XAUUSD,1m,1769807160000,1769807219999,4844.92,4854.16,4843.86,4852.34,91.0,91
XAUUSD,1m,1769807220000,1769807279999,4852.08,4852.08,4836.93,4836.93,98.0,98
XAUUSD,1m,1769807280000,1769807339999,4836.35,4836.8,4832.31,4833.78,97.0,97
XAUUSD,1m,1769807340000,1769807399999,4833.75,4845.2,4832.93,4844.48,98.0,98
XAUUSD,1m,1769807400000,1769807459999,4844.65,4847.43,4840.83,4846.55,92.0,92
XAUUSD,1m,1769807460000,1769807519999,4847.36,4848.43,4845.03,4846.16,88.0,88
XAUUSD,1m,1769807520000,1769807579999,4845.49,4845.49,4836.85,4838.79,98.0,98
XAUUSD,1m,1769807580000,1769807639999,4838.75,4839.29,4836.08,4839.07,85.0,85
XAUUSD,1m,1769807640000,1769807699999,4839.04,4842.99,4836.52,4840.19,94.0,94
XAUUSD,1m,1769807700000,1769807759999,4840.47,4845.91,4837.57,4838.11,97.0,97
XAUUSD,1m,1769807760000,1769807819999,4837.69,4853.56,4837.4,4851.87,91.0,91
XAUUSD,1m,1769807820000,1769807879999,4851.85,4857.92,4849.51,4854.83,98.0,98
XAUUSD,1m,1769807880000,1769807939999,4854.89,4855.195,4848.84,4853.14,89.0,89
XAUUSD,1m,1769807940000,1769807999999,4853.15,4859.98,4852.19,4859.03,94.0,94
XAUUSD,1m,1769808000000,1769808059999,4859.1,4865.36,4859.1,4864.68,90.0,90
XAUUSD,1m,1769808060000,1769808119999,4864.36,4875.69,4864.29,4875.69,106.0,106
XAUUSD,1m,1769808120000,1769808179999,4875.83,4877.675,4871.37,4875.66,104.0,104
XAUUSD,1m,1769808180000,1769808239999,4875.61,4884.24,4875.56,4882.26,106.0,106
XAUUSD,1m,1769808240000,1769808299999,4882.5,4886.97,4880.81,4883.42,105.0,105
XAUUSD,1m,1769808300000,1769808359999,4883.4,4890.21,4883.3,4883.68,100.0,100
XAUUSD,1m,1769808360000,1769808419999,4883.57,4885.9,4872.71,4873.32,104.0,104
XAUUSD,1m,1769808420000,1769808479999,4873.88,4875.14,4862.94,4865.715,96.0,96
XAUUSD,1m,1769808480000,1769808539999,4865.66,4873.34,4863.31,4873.04,102.0,102
XAUUSD,1m,1769808540000,1769808599999,4873.139999999999,4875.700000000001,4872.37,4874.62,96.0,96
XAUUSD,1m,1769808600000,1769808659999,4874.16,4881.37,4872.87,4878.13,98.0,98
XAUUSD,1m,1769808660000,1769808719999,4878.28,4880.0,4869.8,4878.37,96.0,96
XAUUSD,1m,1769808720000,1769808779999,4878.75,4879.765,4869.030000000001,4871.9400000000005,99.0,99
XAUUSD,1m,1769808780000,1769808839999,4871.975,4881.35,4871.975,4875.57,95.0,95
XAUUSD,1m,1769808840000,1769808899999,4875.73,4880.05,4874.38,4876.5,87.0,87
XAUUSD,1m,1769808900000,1769808959999,4876.595,4877.11,4868.8099999999995,4870.0599999999995,102.0,102
XAUUSD,1m,1769808960000,1769809019999,4870.655,4874.19,4868.93,4874.13,88.0,88
XAUUSD,1m,1769809020000,1769809079999,4874.23,4874.47,4866.83,4869.245000000001,105.0,105
XAUUSD,1m,1769809080000,1769809139999,4870.21,4870.93,4850.37,4851.68,108.0,108
XAUUSD,1m,1769809140000,1769809199999,4852.889999999999,4859.53,4852.24,4855.0599999999995,88.0,88
XAUUSD,1m,1769809200000,1769809259999,4854.975,4859.764999999999,4853.7,4855.835,94.0,94
XAUUSD,1m,1769809260000,1769809319999,4855.735000000001,4859.595,4851.545,4855.105,102.0,102
XAUUSD,1m,1769809320000,1769809379999,4854.985,4857.55,4850.41,4854.3,93.0,93
XAUUSD,1m,1769809380000,1769809439999,4854.555,4856.01,4851.18,4856.01,100.0,100
XAUUSD,1m,1769809440000,1769809499999,4856.22,4860.9,4854.195,4860.89,93.0,93
XAUUSD,1m,1769983200000,1769983259999,4860.89,4860.89,4860.89,4860.89,1.0,1
